-- POBLACIÓN DE DATOS

-- Población de la tabla Cliente
INSERT INTO Cliente(CURPCliente,Nombre,ApellidoP,ApellidoM,Calle,Numero,Alcaldia,CodigoPostal,FechaNacimiento) VALUES ('UFBH153244HTXXVNN5','Yesid','Castro','Cárdenas','López Mateos',74,'Iztapalapa',86957,'1989-02-09');
INSERT INTO Cliente(CURPCliente,Nombre,ApellidoP,ApellidoM,Calle,Numero,Alcaldia,CodigoPostal,FechaNacimiento) VALUES ('FQYC160442LUHIMPF6','Ricardo','Sepúlveda','Mendoza','Independencia',349,'Azcapotzalco',40885,'1998-01-23');
INSERT INTO Cliente(CURPCliente,Nombre,ApellidoP,ApellidoM,Calle,Numero,Alcaldia,CodigoPostal,FechaNacimiento) VALUES ('VERK520506BYYVFRR7','Benjamín','Bernal','Solís','Zaragoza',547,'Benito Juárez',71500,'1991-01-31');
INSERT INTO Cliente(CURPCliente,Nombre,ApellidoP,ApellidoM,Calle,Numero,Alcaldia,CodigoPostal,FechaNacimiento) VALUES ('BRSJ441846IDORRDS3','Octavio','Velázquez','Silva','Miguel Hidalgo',25,'Iztapalapa',93844,'1987-01-24');
INSERT INTO Cliente(CURPCliente,Nombre,ApellidoP,ApellidoM,Calle,Numero,Alcaldia,CodigoPostal,FechaNacimiento) VALUES ('NUJY784735EGFHHLP6','Jesús','Ramírez','Ortega','16 de Septiembre',138,'Cuajimalpa de Morelos',70096,'2004-03-21');
INSERT INTO Cliente(CURPCliente,Nombre,ApellidoP,ApellidoM,Calle,Numero,Alcaldia,CodigoPostal,FechaNacimiento) VALUES ('GHBO078736VDPKUSY3','César','Castro','Martínez','Juárez',90,'Milpa Alta',85334,'1990-06-27');
INSERT INTO Cliente(CURPCliente,Nombre,ApellidoP,ApellidoM,Calle,Numero,Alcaldia,CodigoPostal,FechaNacimiento) VALUES ('XVSN889357ZBCGUGT4','Iván','Duarte','Cordero','Vicente Guerrero',254,'Iztacalco',36177,'1995-11-16');
INSERT INTO Cliente(CURPCliente,Nombre,ApellidoP,ApellidoM,Calle,Numero,Alcaldia,CodigoPostal,FechaNacimiento) VALUES ('CVFI903316RXJNXJR1','Sofia','Reyes','Islas','20 de Noviembre',495,'Iztacalco',84557,'1985-12-11');
INSERT INTO Cliente(CURPCliente,Nombre,ApellidoP,ApellidoM,Calle,Numero,Alcaldia,CodigoPostal,FechaNacimiento) VALUES ('LWJR989520BATQIVG6','Salvador','Cruz','Pacheco','5 de Mayo',185,'Cuajimalpa de Morelos',92959,'1994-12-19');
INSERT INTO Cliente(CURPCliente,Nombre,ApellidoP,ApellidoM,Calle,Numero,Alcaldia,CodigoPostal,FechaNacimiento) VALUES ('RAHP977167EURYBKY3','Paulina','Ortega','Pacheco','Revolución',385,'Milpa Alta',92528,'1990-12-20');
INSERT INTO Cliente(CURPCliente,Nombre,ApellidoP,ApellidoM,Calle,Numero,Alcaldia,CodigoPostal,FechaNacimiento) VALUES ('XGKG463437YZAHAZS8','Yaziel','Moreno','García','Benito Juárez',376,'La Magdalena Contreras',92768,'2003-09-29');
INSERT INTO Cliente(CURPCliente,Nombre,ApellidoP,ApellidoM,Calle,Numero,Alcaldia,CodigoPostal,FechaNacimiento) VALUES ('LWPF909246XZHDMYU8','Pedro','Caballero','León','Revolución',173,'Iztacalco',84272,'1998-05-18');
INSERT INTO Cliente(CURPCliente,Nombre,ApellidoP,ApellidoM,Calle,Numero,Alcaldia,CodigoPostal,FechaNacimiento) VALUES ('GIXG904468UGJEKBR8','Karen','Corona','Jiménez','Paseo de la Reforma',248,'Gustavo A. Madero',49470,'1986-08-29');
INSERT INTO Cliente(CURPCliente,Nombre,ApellidoP,ApellidoM,Calle,Numero,Alcaldia,CodigoPostal,FechaNacimiento) VALUES ('PZEL974270RTSBCWY1','Armando','Jiménez','Martínez','Benito Juárez',249,'Azcapotzalco',88836,'1993-10-10');
INSERT INTO Cliente(CURPCliente,Nombre,ApellidoP,ApellidoM,Calle,Numero,Alcaldia,CodigoPostal,FechaNacimiento) VALUES ('YRVA138699ZKPHSGQ2','Ignacio','Jiménez','Osorio','Venustiano Carranza',560,'Benito Juárez',93107,'1996-01-08');
INSERT INTO Cliente(CURPCliente,Nombre,ApellidoP,ApellidoM,Calle,Numero,Alcaldia,CodigoPostal,FechaNacimiento) VALUES ('GNJB482453CQAIDVB0','Sebastián','Cisneros','Arellano','Vicente Guerrero',63,'Benito Juárez',88596,'1994-12-21');
INSERT INTO Cliente(CURPCliente,Nombre,ApellidoP,ApellidoM,Calle,Numero,Alcaldia,CodigoPostal,FechaNacimiento) VALUES ('NDIG696113CQINQAR9','Víctor','Gómez','Hernández','Reforma',451,'Cuauhtémoc',30551,'1996-08-04');
INSERT INTO Cliente(CURPCliente,Nombre,ApellidoP,ApellidoM,Calle,Numero,Alcaldia,CodigoPostal,FechaNacimiento) VALUES ('TVPZ585032VXJFOOZ4','Samuel','Pacheco','Flores','Guerrero',526,'Tlalpan',75607,'1984-10-17');
INSERT INTO Cliente(CURPCliente,Nombre,ApellidoP,ApellidoM,Calle,Numero,Alcaldia,CodigoPostal,FechaNacimiento) VALUES ('NGVS551941TTJSTYX2','Dulce','Méndez','Méndez','Guerrero',105,'Cuajimalpa de Morelos',96450,'1996-07-05');
INSERT INTO Cliente(CURPCliente,Nombre,ApellidoP,ApellidoM,Calle,Numero,Alcaldia,CodigoPostal,FechaNacimiento) VALUES ('PXDK102986DPSCICG2','Fernanda','García','Castro','López Mateos',516,'Iztacalco',77414,'1997-11-11');
INSERT INTO Cliente(CURPCliente,Nombre,ApellidoP,ApellidoM,Calle,Numero,Alcaldia,CodigoPostal,FechaNacimiento) VALUES ('JDFH604641FUQJKIF6','Sebastián','Acosta','Cisneros','Hidalgo',109,'Milpa Alta',75378,'2001-02-25');
INSERT INTO Cliente(CURPCliente,Nombre,ApellidoP,ApellidoM,Calle,Numero,Alcaldia,CodigoPostal,FechaNacimiento) VALUES ('NDPA592554ZYHMZBB1','Martín','Padilla','Cárdenas','Tlalpan',117,'Iztacalco',43678,'1987-08-29');
INSERT INTO Cliente(CURPCliente,Nombre,ApellidoP,ApellidoM,Calle,Numero,Alcaldia,CodigoPostal,FechaNacimiento) VALUES ('OOZH702898BNLTXAU2','Ximena','Montes','Padilla','Revolución',466,'Coyoacán',65386,'2003-08-26');
INSERT INTO Cliente(CURPCliente,Nombre,ApellidoP,ApellidoM,Calle,Numero,Alcaldia,CodigoPostal,FechaNacimiento) VALUES ('WFLS511722MNDIHTJ6','Yaziel','Martínez','Guzmán','Reforma',209,'Cuauhtémoc',41058,'1988-07-18');
INSERT INTO Cliente(CURPCliente,Nombre,ApellidoP,ApellidoM,Calle,Numero,Alcaldia,CodigoPostal,FechaNacimiento) VALUES ('TNGY181608ELEFPEZ6','Alicia','Pacheco','Caballero','20 de Noviembre',200,'Iztapalapa',80963,'1985-09-15');
INSERT INTO Cliente(CURPCliente,Nombre,ApellidoP,ApellidoM,Calle,Numero,Alcaldia,CodigoPostal,FechaNacimiento) VALUES ('VUVB314329ZICLZJO3','Raúl','Cruz','Ibarra','Madero',358,'Venustiano Carranza',48739,'1987-08-04');
INSERT INTO Cliente(CURPCliente,Nombre,ApellidoP,ApellidoM,Calle,Numero,Alcaldia,CodigoPostal,FechaNacimiento) VALUES ('KMJE619980QJXURAS5','Karla','Beltrán','Jiménez','Álvaro Obregón',295,'Benito Juárez',70224,'1994-01-14');
INSERT INTO Cliente(CURPCliente,Nombre,ApellidoP,ApellidoM,Calle,Numero,Alcaldia,CodigoPostal,FechaNacimiento) VALUES ('UFUI720917YGVDCAC1','Nancy','Cisneros','Duarte','Madero',221,'Álvaro Obregón',53840,'1982-04-07');
INSERT INTO Cliente(CURPCliente,Nombre,ApellidoP,ApellidoM,Calle,Numero,Alcaldia,CodigoPostal,FechaNacimiento) VALUES ('OWLU394923SYPXFFQ5','Gabriela','Ochoa','Herrera','Allende',508,'Cuauhtémoc',61593,'2003-07-13');
INSERT INTO Cliente(CURPCliente,Nombre,ApellidoP,ApellidoM,Calle,Numero,Alcaldia,CodigoPostal,FechaNacimiento) VALUES ('KRXX352893HLUYMEY4','Rafael','Ochoa','Briones','López Mateos',569,'Gustavo A. Madero',89599,'1990-10-17');
INSERT INTO Cliente(CURPCliente,Nombre,ApellidoP,ApellidoM,Calle,Numero,Alcaldia,CodigoPostal,FechaNacimiento) VALUES ('LEHO003443YLUMTJF4','Yair','Ramírez','Espinoza','Obregón',49,'Miguel Hidalgo',91356,'2004-07-27');
INSERT INTO Cliente(CURPCliente,Nombre,ApellidoP,ApellidoM,Calle,Numero,Alcaldia,CodigoPostal,FechaNacimiento) VALUES ('GPIV980525AGPYIRP7','Claudia','Padilla','Del Río','Madero',295,'Coyoacán',41265,'1986-08-17');
INSERT INTO Cliente(CURPCliente,Nombre,ApellidoP,ApellidoM,Calle,Numero,Alcaldia,CodigoPostal,FechaNacimiento) VALUES ('QIRB508561GSXNAPZ0','Agustín','Ramos','Moreno','Venustiano Carranza',576,'Venustiano Carranza',97767,'2002-08-16');
INSERT INTO Cliente(CURPCliente,Nombre,ApellidoP,ApellidoM,Calle,Numero,Alcaldia,CodigoPostal,FechaNacimiento) VALUES ('IVEU082387TKSMDSB0','Eduardo','Miranda','Ortiz','López Mateos',409,'Miguel Hidalgo',23989,'2001-03-11');
INSERT INTO Cliente(CURPCliente,Nombre,ApellidoP,ApellidoM,Calle,Numero,Alcaldia,CodigoPostal,FechaNacimiento) VALUES ('EPRA984436LDIELML8','Monserrat','Escobar','Aguilar','Hidalgo',347,'Tlalpan',16899,'1998-10-21');
INSERT INTO Cliente(CURPCliente,Nombre,ApellidoP,ApellidoM,Calle,Numero,Alcaldia,CodigoPostal,FechaNacimiento) VALUES ('LSZE167639AKCFLLI6','José','Sánchez','Ochoa','Miguel Hidalgo',585,'Iztacalco',21717,'2001-12-23');
INSERT INTO Cliente(CURPCliente,Nombre,ApellidoP,ApellidoM,Calle,Numero,Alcaldia,CodigoPostal,FechaNacimiento) VALUES ('EYNT722666ZCVRUAQ5','Melissa','Rivas','Romero','Constitución',168,'Azcapotzalco',90721,'1987-04-23');
INSERT INTO Cliente(CURPCliente,Nombre,ApellidoP,ApellidoM,Calle,Numero,Alcaldia,CodigoPostal,FechaNacimiento) VALUES ('EKLN375383BOOAZWT1','Arturo','Osorio','Núñez','Avenida México',315,'Azcapotzalco',18934,'1984-02-24');
INSERT INTO Cliente(CURPCliente,Nombre,ApellidoP,ApellidoM,Calle,Numero,Alcaldia,CodigoPostal,FechaNacimiento) VALUES ('ENMJ806186SMNLTME6','Pablo','Córdova','Vázquez','Morelos',480,'Cuauhtémoc',73737,'1983-06-29');
INSERT INTO Cliente(CURPCliente,Nombre,ApellidoP,ApellidoM,Calle,Numero,Alcaldia,CodigoPostal,FechaNacimiento) VALUES ('REBG607357YXLEHJS0','Pamela','Romero','Miranda','Vicente Guerrero',389,'Venustiano Carranza',27409,'1988-10-20');
INSERT INTO Cliente(CURPCliente,Nombre,ApellidoP,ApellidoM,Calle,Numero,Alcaldia,CodigoPostal,FechaNacimiento) VALUES ('WEII262364KZDDQKY4','Alejandro','Pineda','Flores','Tlalpan',180,'Cuauhtémoc',92759,'1986-10-03');
INSERT INTO Cliente(CURPCliente,Nombre,ApellidoP,ApellidoM,Calle,Numero,Alcaldia,CodigoPostal,FechaNacimiento) VALUES ('WRIR816217RPTIHIC2','Alejandro','Escobar','Ochoa','Miguel Hidalgo',194,'Iztapalapa',53799,'2004-10-14');
INSERT INTO Cliente(CURPCliente,Nombre,ApellidoP,ApellidoM,Calle,Numero,Alcaldia,CodigoPostal,FechaNacimiento) VALUES ('LSPU014973XSMFGIS7','Lucía','Méndez','Solís','López Mateos',396,'Azcapotzalco',14082,'1991-10-13');
INSERT INTO Cliente(CURPCliente,Nombre,ApellidoP,ApellidoM,Calle,Numero,Alcaldia,CodigoPostal,FechaNacimiento) VALUES ('AYCD994681YVNUSOZ5','Jazmín','Beltrán','Delgado','López Mateos',14,'Xochimilco',97978,'1993-05-29');
INSERT INTO Cliente(CURPCliente,Nombre,ApellidoP,ApellidoM,Calle,Numero,Alcaldia,CodigoPostal,FechaNacimiento) VALUES ('PINL527079RHPRYTS2','Ximena','Rangel','Velázquez','Obregón',562,'Iztapalapa',41866,'2002-06-29');
INSERT INTO Cliente(CURPCliente,Nombre,ApellidoP,ApellidoM,Calle,Numero,Alcaldia,CodigoPostal,FechaNacimiento) VALUES ('RHJO552443AGTHFYC8','Fernanda','Luna','Moreno','Hidalgo',6,'Benito Juárez',69267,'2004-06-02');
INSERT INTO Cliente(CURPCliente,Nombre,ApellidoP,ApellidoM,Calle,Numero,Alcaldia,CodigoPostal,FechaNacimiento) VALUES ('VZNU143681LZYDTST0','Lorena','Pineda','Vargas','Independencia',17,'Xochimilco',38417,'1997-12-14');
INSERT INTO Cliente(CURPCliente,Nombre,ApellidoP,ApellidoM,Calle,Numero,Alcaldia,CodigoPostal,FechaNacimiento) VALUES ('MTMY782456MRFAGEH6','Diego','Sepúlveda','Carmona','Revolución',598,'Milpa Alta',73001,'1984-08-03');
INSERT INTO Cliente(CURPCliente,Nombre,ApellidoP,ApellidoM,Calle,Numero,Alcaldia,CodigoPostal,FechaNacimiento) VALUES ('LGIQ330973RSRMFPN1','Fernando','Maldonado','Ruiz','Zaragoza',96,'Tláhuac',42809,'1995-03-10');
INSERT INTO Cliente(CURPCliente,Nombre,ApellidoP,ApellidoM,Calle,Numero,Alcaldia,CodigoPostal,FechaNacimiento) VALUES ('TMGS439460WJCUUDZ6','Carolina','Figueroa','Acosta','Venustiano Carranza',162,'Milpa Alta',97579,'1989-03-11');

-- Población de la tabla CorreoCliente
INSERT INTO CorreoCliente(CURPCliente,Correo) VALUES ('UFBH153244HTXXVNN5','ksinclaire0@pen.io');
INSERT INTO CorreoCliente(CURPCliente,Correo) VALUES ('FQYC160442LUHIMPF6','rrumke1@whitehouse.gov');
INSERT INTO CorreoCliente(CURPCliente,Correo) VALUES ('VERK520506BYYVFRR7','egeharke2@illinois.edu');
INSERT INTO CorreoCliente(CURPCliente,Correo) VALUES ('BRSJ441846IDORRDS3','rgebhard3@wikispaces.com');
INSERT INTO CorreoCliente(CURPCliente,Correo) VALUES ('NUJY784735EGFHHLP6','scommucci4@cbc.ca');
INSERT INTO CorreoCliente(CURPCliente,Correo) VALUES ('GHBO078736VDPKUSY3','aholmyard5@networksolutions.com');
INSERT INTO CorreoCliente(CURPCliente,Correo) VALUES ('XVSN889357ZBCGUGT4','bcultcheth6@sfgate.com');
INSERT INTO CorreoCliente(CURPCliente,Correo) VALUES ('CVFI903316RXJNXJR1','mallain7@theguardian.com');
INSERT INTO CorreoCliente(CURPCliente,Correo) VALUES ('LWJR989520BATQIVG6','cpredohl8@constantcontact.com');
INSERT INTO CorreoCliente(CURPCliente,Correo) VALUES ('RAHP977167EURYBKY3','rchimes9@over-blog.com');
INSERT INTO CorreoCliente(CURPCliente,Correo) VALUES ('XGKG463437YZAHAZS8','mdrogana@narod.ru');
INSERT INTO CorreoCliente(CURPCliente,Correo) VALUES ('LWPF909246XZHDMYU8','benrdigob@acquirethisname.com');
INSERT INTO CorreoCliente(CURPCliente,Correo) VALUES ('GIXG904468UGJEKBR8','fblasiakc@barnesandnoble.com');
INSERT INTO CorreoCliente(CURPCliente,Correo) VALUES ('PZEL974270RTSBCWY1','lkeird@reddit.com');
INSERT INTO CorreoCliente(CURPCliente,Correo) VALUES ('YRVA138699ZKPHSGQ2','darnfielde@usda.gov');
INSERT INTO CorreoCliente(CURPCliente,Correo) VALUES ('GNJB482453CQAIDVB0','nbramblef@earthlink.net');
INSERT INTO CorreoCliente(CURPCliente,Correo) VALUES ('NDIG696113CQINQAR9','rculrossg@nih.gov');
INSERT INTO CorreoCliente(CURPCliente,Correo) VALUES ('TVPZ585032VXJFOOZ4','agradyh@samsung.com');
INSERT INTO CorreoCliente(CURPCliente,Correo) VALUES ('NGVS551941TTJSTYX2','asmisseni@ovh.net');
INSERT INTO CorreoCliente(CURPCliente,Correo) VALUES ('PXDK102986DPSCICG2','cblitzerj@alibaba.com');
INSERT INTO CorreoCliente(CURPCliente,Correo) VALUES ('JDFH604641FUQJKIF6','kturevillek@aboutads.info');
INSERT INTO CorreoCliente(CURPCliente,Correo) VALUES ('NDPA592554ZYHMZBB1','mpaskel@studiopress.com');
INSERT INTO CorreoCliente(CURPCliente,Correo) VALUES ('OOZH702898BNLTXAU2','fmutterm@nydailynews.com');
INSERT INTO CorreoCliente(CURPCliente,Correo) VALUES ('WFLS511722MNDIHTJ6','gkoptan@miitbeian.gov.cn');
INSERT INTO CorreoCliente(CURPCliente,Correo) VALUES ('TNGY181608ELEFPEZ6','fcauthrao@discovery.com');
INSERT INTO CorreoCliente(CURPCliente,Correo) VALUES ('VUVB314329ZICLZJO3','dbraundp@vinaora.com');
INSERT INTO CorreoCliente(CURPCliente,Correo) VALUES ('KMJE619980QJXURAS5','rcorderoq@bizjournals.com');
INSERT INTO CorreoCliente(CURPCliente,Correo) VALUES ('UFUI720917YGVDCAC1','tcarayolr@slashdot.org');
INSERT INTO CorreoCliente(CURPCliente,Correo) VALUES ('OWLU394923SYPXFFQ5','ldenmeads@yellowbook.com');
INSERT INTO CorreoCliente(CURPCliente,Correo) VALUES ('KRXX352893HLUYMEY4','rsparrowhawkt@t-online.de');
INSERT INTO CorreoCliente(CURPCliente,Correo) VALUES ('LEHO003443YLUMTJF4','ksparshettu@intel.com');
INSERT INTO CorreoCliente(CURPCliente,Correo) VALUES ('GPIV980525AGPYIRP7','esealv@g.co');
INSERT INTO CorreoCliente(CURPCliente,Correo) VALUES ('QIRB508561GSXNAPZ0','ssarjantw@storify.com');
INSERT INTO CorreoCliente(CURPCliente,Correo) VALUES ('IVEU082387TKSMDSB0','cjantzenx@wix.com');
INSERT INTO CorreoCliente(CURPCliente,Correo) VALUES ('EPRA984436LDIELML8','alowndesy@ucsd.edu');
INSERT INTO CorreoCliente(CURPCliente,Correo) VALUES ('LSZE167639AKCFLLI6','rhambatchz@biblegateway.com');
INSERT INTO CorreoCliente(CURPCliente,Correo) VALUES ('EYNT722666ZCVRUAQ5','ablint10@fda.gov');
INSERT INTO CorreoCliente(CURPCliente,Correo) VALUES ('EKLN375383BOOAZWT1','chackett11@dagondesign.com');
INSERT INTO CorreoCliente(CURPCliente,Correo) VALUES ('ENMJ806186SMNLTME6','apeacop12@unc.edu');
INSERT INTO CorreoCliente(CURPCliente,Correo) VALUES ('REBG607357YXLEHJS0','acrosham13@blogger.com');
INSERT INTO CorreoCliente(CURPCliente,Correo) VALUES ('WEII262364KZDDQKY4','ssatch14@t.co');
INSERT INTO CorreoCliente(CURPCliente,Correo) VALUES ('WRIR816217RPTIHIC2','cwitton15@ibm.com');
INSERT INTO CorreoCliente(CURPCliente,Correo) VALUES ('LSPU014973XSMFGIS7','dklemensiewicz16@mashable.com');
INSERT INTO CorreoCliente(CURPCliente,Correo) VALUES ('AYCD994681YVNUSOZ5','bwebber17@nih.gov');
INSERT INTO CorreoCliente(CURPCliente,Correo) VALUES ('PINL527079RHPRYTS2','bconneau18@kickstarter.com');
INSERT INTO CorreoCliente(CURPCliente,Correo) VALUES ('RHJO552443AGTHFYC8','ulasseter19@arizona.edu');
INSERT INTO CorreoCliente(CURPCliente,Correo) VALUES ('VZNU143681LZYDTST0','pdomange1a@bluehost.com');
INSERT INTO CorreoCliente(CURPCliente,Correo) VALUES ('MTMY782456MRFAGEH6','lottosen1b@redcross.org');
INSERT INTO CorreoCliente(CURPCliente,Correo) VALUES ('LGIQ330973RSRMFPN1','cstiegar1c@patch.com');
INSERT INTO CorreoCliente(CURPCliente,Correo) VALUES ('TMGS439460WJCUUDZ6','icholonin1d@posterous.com');

-- Población de la tabla TelefonoCliente
INSERT INTO TelefonoCliente(CURPCliente,Telefono) VALUES ('UFBH153244HTXXVNN5',5521309543);
INSERT INTO TelefonoCliente(CURPCliente,Telefono) VALUES ('FQYC160442LUHIMPF6',5567034534);
INSERT INTO TelefonoCliente(CURPCliente,Telefono) VALUES ('VERK520506BYYVFRR7',5595031428);
INSERT INTO TelefonoCliente(CURPCliente,Telefono) VALUES ('BRSJ441846IDORRDS3',5510877214);
INSERT INTO TelefonoCliente(CURPCliente,Telefono) VALUES ('NUJY784735EGFHHLP6',5549355099);
INSERT INTO TelefonoCliente(CURPCliente,Telefono) VALUES ('GHBO078736VDPKUSY3',5510625220);
INSERT INTO TelefonoCliente(CURPCliente,Telefono) VALUES ('XVSN889357ZBCGUGT4',5547905541);
INSERT INTO TelefonoCliente(CURPCliente,Telefono) VALUES ('CVFI903316RXJNXJR1',5530451357);
INSERT INTO TelefonoCliente(CURPCliente,Telefono) VALUES ('LWJR989520BATQIVG6',5542738262);
INSERT INTO TelefonoCliente(CURPCliente,Telefono) VALUES ('RAHP977167EURYBKY3',5557287821);
INSERT INTO TelefonoCliente(CURPCliente,Telefono) VALUES ('XGKG463437YZAHAZS8',5518641757);
INSERT INTO TelefonoCliente(CURPCliente,Telefono) VALUES ('LWPF909246XZHDMYU8',5553050514);
INSERT INTO TelefonoCliente(CURPCliente,Telefono) VALUES ('GIXG904468UGJEKBR8',5504122017);
INSERT INTO TelefonoCliente(CURPCliente,Telefono) VALUES ('PZEL974270RTSBCWY1',5586394634);
INSERT INTO TelefonoCliente(CURPCliente,Telefono) VALUES ('YRVA138699ZKPHSGQ2',5551571502);
INSERT INTO TelefonoCliente(CURPCliente,Telefono) VALUES ('GNJB482453CQAIDVB0',5587076808);
INSERT INTO TelefonoCliente(CURPCliente,Telefono) VALUES ('NDIG696113CQINQAR9',5505542261);
INSERT INTO TelefonoCliente(CURPCliente,Telefono) VALUES ('TVPZ585032VXJFOOZ4',5511616773);
INSERT INTO TelefonoCliente(CURPCliente,Telefono) VALUES ('NGVS551941TTJSTYX2',5512029073);
INSERT INTO TelefonoCliente(CURPCliente,Telefono) VALUES ('PXDK102986DPSCICG2',5592376637);
INSERT INTO TelefonoCliente(CURPCliente,Telefono) VALUES ('JDFH604641FUQJKIF6',5593865807);
INSERT INTO TelefonoCliente(CURPCliente,Telefono) VALUES ('NDPA592554ZYHMZBB1',5596694325);
INSERT INTO TelefonoCliente(CURPCliente,Telefono) VALUES ('OOZH702898BNLTXAU2',5560033746);
INSERT INTO TelefonoCliente(CURPCliente,Telefono) VALUES ('WFLS511722MNDIHTJ6',5553291213);
INSERT INTO TelefonoCliente(CURPCliente,Telefono) VALUES ('TNGY181608ELEFPEZ6',5536989929);
INSERT INTO TelefonoCliente(CURPCliente,Telefono) VALUES ('VUVB314329ZICLZJO3',5564186577);
INSERT INTO TelefonoCliente(CURPCliente,Telefono) VALUES ('KMJE619980QJXURAS5',5598361686);
INSERT INTO TelefonoCliente(CURPCliente,Telefono) VALUES ('UFUI720917YGVDCAC1',5524821618);
INSERT INTO TelefonoCliente(CURPCliente,Telefono) VALUES ('OWLU394923SYPXFFQ5',5583195330);
INSERT INTO TelefonoCliente(CURPCliente,Telefono) VALUES ('KRXX352893HLUYMEY4',5540463802);
INSERT INTO TelefonoCliente(CURPCliente,Telefono) VALUES ('LEHO003443YLUMTJF4',5599295157);
INSERT INTO TelefonoCliente(CURPCliente,Telefono) VALUES ('GPIV980525AGPYIRP7',5527023513);
INSERT INTO TelefonoCliente(CURPCliente,Telefono) VALUES ('QIRB508561GSXNAPZ0',5516236914);
INSERT INTO TelefonoCliente(CURPCliente,Telefono) VALUES ('IVEU082387TKSMDSB0',5544158096);
INSERT INTO TelefonoCliente(CURPCliente,Telefono) VALUES ('EPRA984436LDIELML8',5582050458);
INSERT INTO TelefonoCliente(CURPCliente,Telefono) VALUES ('LSZE167639AKCFLLI6',5574711831);
INSERT INTO TelefonoCliente(CURPCliente,Telefono) VALUES ('EYNT722666ZCVRUAQ5',5540224481);
INSERT INTO TelefonoCliente(CURPCliente,Telefono) VALUES ('EKLN375383BOOAZWT1',5563834348);
INSERT INTO TelefonoCliente(CURPCliente,Telefono) VALUES ('ENMJ806186SMNLTME6',5500653499);
INSERT INTO TelefonoCliente(CURPCliente,Telefono) VALUES ('REBG607357YXLEHJS0',5501584174);
INSERT INTO TelefonoCliente(CURPCliente,Telefono) VALUES ('WEII262364KZDDQKY4',5556184010);
INSERT INTO TelefonoCliente(CURPCliente,Telefono) VALUES ('WRIR816217RPTIHIC2',5546355105);
INSERT INTO TelefonoCliente(CURPCliente,Telefono) VALUES ('LSPU014973XSMFGIS7',5521004078);
INSERT INTO TelefonoCliente(CURPCliente,Telefono) VALUES ('AYCD994681YVNUSOZ5',5579063077);
INSERT INTO TelefonoCliente(CURPCliente,Telefono) VALUES ('PINL527079RHPRYTS2',5569685389);
INSERT INTO TelefonoCliente(CURPCliente,Telefono) VALUES ('RHJO552443AGTHFYC8',5513708653);
INSERT INTO TelefonoCliente(CURPCliente,Telefono) VALUES ('VZNU143681LZYDTST0',5559273135);
INSERT INTO TelefonoCliente(CURPCliente,Telefono) VALUES ('MTMY782456MRFAGEH6',5545304869);
INSERT INTO TelefonoCliente(CURPCliente,Telefono) VALUES ('LGIQ330973RSRMFPN1',5540638146);
INSERT INTO TelefonoCliente(CURPCliente,Telefono) VALUES ('TMGS439460WJCUUDZ6',5529909110);

-- Población de la tabla Distribuidor
INSERT INTO Distribuidor(CURPDistribuidor,Nombre,ApellidoP,ApellidoM,Calle,Numero,Alcaldia,CodigoPostal,FechaNacimiento,DNI,NSS) VALUES ('LUMU534282IUAEKLS0','Claudia','Valdez','Duarte','5 de Mayo',44089,'Álvaro Obregón',23502,'1990-09-01','36935670X',69462894383);
INSERT INTO Distribuidor(CURPDistribuidor,Nombre,ApellidoP,ApellidoM,Calle,Numero,Alcaldia,CodigoPostal,FechaNacimiento,DNI,NSS) VALUES ('OMUU607345MXKAPLX7','Juan','Paredes','Nava','Paseo de la Reforma',03068,'Cuauhtémoc',13558,'1993-08-10','15355758D',85442230248);
INSERT INTO Distribuidor(CURPDistribuidor,Nombre,ApellidoP,ApellidoM,Calle,Numero,Alcaldia,CodigoPostal,FechaNacimiento,DNI,NSS) VALUES ('AKZB364878VQTMCNZ4','Abraham','Vargas','Maldonado','Benito Juárez',74,'Álvaro Obregón',72785,'1993-05-02','45729470S',13140453925);
INSERT INTO Distribuidor(CURPDistribuidor,Nombre,ApellidoP,ApellidoM,Calle,Numero,Alcaldia,CodigoPostal,FechaNacimiento,DNI,NSS) VALUES ('FLCC206774USVVKNP1','Rocío','Olvera','Rosales','Allende',7056,'Venustiano Carranza',16655,'1982-05-12','37809946B',96324775077);
INSERT INTO Distribuidor(CURPDistribuidor,Nombre,ApellidoP,ApellidoM,Calle,Numero,Alcaldia,CodigoPostal,FechaNacimiento,DNI,NSS) VALUES ('YIBX020615WZTSVRV2','Armando','Carmona','Morales','Zaragoza',7548,'Coyoacán',10968,'1993-05-21','38659647Q',36699766298);
INSERT INTO Distribuidor(CURPDistribuidor,Nombre,ApellidoP,ApellidoM,Calle,Numero,Alcaldia,CodigoPostal,FechaNacimiento,DNI,NSS) VALUES ('FLVB866836RINFJUE3','Sebastián','Bautista','Moreno','Hidalgo',76708,'Milpa Alta',79354,'1987-04-09','78444971H',88361004343);
INSERT INTO Distribuidor(CURPDistribuidor,Nombre,ApellidoP,ApellidoM,Calle,Numero,Alcaldia,CodigoPostal,FechaNacimiento,DNI,NSS) VALUES ('CQWM868982XBDWENG3','Dulce','Andrade','Acosta','Insurgentes',8,'Tlalpan',17353,'1986-05-03','34025009T',25857044726);
INSERT INTO Distribuidor(CURPDistribuidor,Nombre,ApellidoP,ApellidoM,Calle,Numero,Alcaldia,CodigoPostal,FechaNacimiento,DNI,NSS) VALUES ('ROFW273201NDXYKUH9','Brenda','Beltrán','Jiménez','Reforma',039,'Benito Juárez',99849,'1989-10-15','46793378D',66402596793);
INSERT INTO Distribuidor(CURPDistribuidor,Nombre,ApellidoP,ApellidoM,Calle,Numero,Alcaldia,CodigoPostal,FechaNacimiento,DNI,NSS) VALUES ('PTQB357745GQQDPVC4','Andrés','Cisneros','Moreno','Revolución',53542,'Álvaro Obregón',80909,'2002-03-11','64848749W',39661988792);
INSERT INTO Distribuidor(CURPDistribuidor,Nombre,ApellidoP,ApellidoM,Calle,Numero,Alcaldia,CodigoPostal,FechaNacimiento,DNI,NSS) VALUES ('JTGM058343WWXINCC9','Marco','Rosales','Castro','Cuauhtémoc',39,'Miguel Hidalgo',81645,'1983-12-08','67470041T',33605313431);
INSERT INTO Distribuidor(CURPDistribuidor,Nombre,ApellidoP,ApellidoM,Calle,Numero,Alcaldia,CodigoPostal,FechaNacimiento,DNI,NSS) VALUES ('OEMR952256GUNBBOD8','Camila','Peña','Cisneros','Allende',5196,'Coyoacán',45307,'1998-06-22','88810171X',51931200982);
INSERT INTO Distribuidor(CURPDistribuidor,Nombre,ApellidoP,ApellidoM,Calle,Numero,Alcaldia,CodigoPostal,FechaNacimiento,DNI,NSS) VALUES ('RHWJ966286RKYLZGK9','Octavio','Rodríguez','Duarte','16 de Septiembre',2643,'Milpa Alta',10949,'1990-05-10','63126647A',62815796902);
INSERT INTO Distribuidor(CURPDistribuidor,Nombre,ApellidoP,ApellidoM,Calle,Numero,Alcaldia,CodigoPostal,FechaNacimiento,DNI,NSS) VALUES ('ETMF280447SJZBUOY9','Adriana','Caballero','Vargas','Reforma',3642,'Cuajimalpa de Morelos',94500,'1991-12-31','94173800Y',75645726716);
INSERT INTO Distribuidor(CURPDistribuidor,Nombre,ApellidoP,ApellidoM,Calle,Numero,Alcaldia,CodigoPostal,FechaNacimiento,DNI,NSS) VALUES ('FSIY172442JVIFHRT7','Benjamín','Núñez','Medina','Morelos',87005,'Coyoacán',96145,'1987-11-25','11612389F',30138617360);
INSERT INTO Distribuidor(CURPDistribuidor,Nombre,ApellidoP,ApellidoM,Calle,Numero,Alcaldia,CodigoPostal,FechaNacimiento,DNI,NSS) VALUES ('YKYE076442MDQQLLK1','Mauricio','Esparza','Fuentes','Morelos',16631,'Cuauhtémoc',86868,'1991-03-12','53107782N',91977908297);
INSERT INTO Distribuidor(CURPDistribuidor,Nombre,ApellidoP,ApellidoM,Calle,Numero,Alcaldia,CodigoPostal,FechaNacimiento,DNI,NSS) VALUES ('BLBG483530GOQUCTS2','Pamela','Cordero','Nava','Paseo de la Reforma',6,'Milpa Alta',48833,'1998-03-01','19073952N',59849148503);
INSERT INTO Distribuidor(CURPDistribuidor,Nombre,ApellidoP,ApellidoM,Calle,Numero,Alcaldia,CodigoPostal,FechaNacimiento,DNI,NSS) VALUES ('LNKJ997777NEUISEZ9','Arturo','Álvarez','Solís','López Mateos',7,'Tlalpan',26865,'1990-01-14','00077082R',64047423717);
INSERT INTO Distribuidor(CURPDistribuidor,Nombre,ApellidoP,ApellidoM,Calle,Numero,Alcaldia,CodigoPostal,FechaNacimiento,DNI,NSS) VALUES ('VMQH625697PSGIRWS4','Pedro','González','Velázquez','Insurgentes',96421,'Tláhuac',17816,'1993-11-06','78150155U',52901200747);
INSERT INTO Distribuidor(CURPDistribuidor,Nombre,ApellidoP,ApellidoM,Calle,Numero,Alcaldia,CodigoPostal,FechaNacimiento,DNI,NSS) VALUES ('JIOA260980MUWGRXY8','Héctor','Ramos','Andrade','Cuauhtémoc',68851,'Iztapalapa',65199,'1987-02-15','61525701V',35780204271);
INSERT INTO Distribuidor(CURPDistribuidor,Nombre,ApellidoP,ApellidoM,Calle,Numero,Alcaldia,CodigoPostal,FechaNacimiento,DNI,NSS) VALUES ('YNIN040224ABUHIOQ3','Gerardo','Sánchez','Torres','Vicente Guerrero',01,'Miguel Hidalgo',49125,'1985-12-18','92454143C',93509666872);
INSERT INTO Distribuidor(CURPDistribuidor,Nombre,ApellidoP,ApellidoM,Calle,Numero,Alcaldia,CodigoPostal,FechaNacimiento,DNI,NSS) VALUES ('UTZQ736621YRJEFOW6','Francisco','Figueroa','Islas','Benito Juárez',9,'Tlalpan',30887,'1989-03-18','79854888S',42957598851);
INSERT INTO Distribuidor(CURPDistribuidor,Nombre,ApellidoP,ApellidoM,Calle,Numero,Alcaldia,CodigoPostal,FechaNacimiento,DNI,NSS) VALUES ('DDQK799137UELWTVD8','Gonzalo','Bautista','Romo','Hidalgo',711,'Venustiano Carranza',12557,'1993-12-27','79686556D',73626806827);
INSERT INTO Distribuidor(CURPDistribuidor,Nombre,ApellidoP,ApellidoM,Calle,Numero,Alcaldia,CodigoPostal,FechaNacimiento,DNI,NSS) VALUES ('TLVT618141FIWHIMI2','Hugo','Bautista','Caballero','Álvaro Obregón',72253,'Tlalpan',91090,'1986-09-02','18231685K',55653172967);
INSERT INTO Distribuidor(CURPDistribuidor,Nombre,ApellidoP,ApellidoM,Calle,Numero,Alcaldia,CodigoPostal,FechaNacimiento,DNI,NSS) VALUES ('TGJX646598ZITGUQL6','Elena','Bautista','Sánchez','Lerdo',1931,'Venustiano Carranza',17255,'2001-05-31','80784334O',50719068653);
INSERT INTO Distribuidor(CURPDistribuidor,Nombre,ApellidoP,ApellidoM,Calle,Numero,Alcaldia,CodigoPostal,FechaNacimiento,DNI,NSS) VALUES ('ZPTS848527RZWYXJE9','Patricia','Sánchez','Moreno','Tlalpan',042,'Benito Juárez',81897,'1995-10-26','07271368W',78433984128);
INSERT INTO Distribuidor(CURPDistribuidor,Nombre,ApellidoP,ApellidoM,Calle,Numero,Alcaldia,CodigoPostal,FechaNacimiento,DNI,NSS) VALUES ('MRLL008229BVLCOZB1','Jorge','Espinoza','Ortiz','Paseo de la Reforma',0,'Benito Juárez',70380,'1983-02-02','22195201L',78280716605);
INSERT INTO Distribuidor(CURPDistribuidor,Nombre,ApellidoP,ApellidoM,Calle,Numero,Alcaldia,CodigoPostal,FechaNacimiento,DNI,NSS) VALUES ('XJNG534954BLKWFFS9','Diego','Espinoza','Núñez','Morelos',133,'Milpa Alta',35402,'2005-02-04','08462538B',72530614071);
INSERT INTO Distribuidor(CURPDistribuidor,Nombre,ApellidoP,ApellidoM,Calle,Numero,Alcaldia,CodigoPostal,FechaNacimiento,DNI,NSS) VALUES ('ZAEH517349RQSJSKO4','Gabriela','Silva','Acosta','Tlalpan',5,'Venustiano Carranza',50640,'2005-05-17','65114879S',48298985417);
INSERT INTO Distribuidor(CURPDistribuidor,Nombre,ApellidoP,ApellidoM,Calle,Numero,Alcaldia,CodigoPostal,FechaNacimiento,DNI,NSS) VALUES ('GWDH472852LKYUJLS0','Claudia','Mendoza','Nava','Paseo de la Reforma',82109,'Benito Juárez',47377,'2000-03-15','88851985W',50578900656);
INSERT INTO Distribuidor(CURPDistribuidor,Nombre,ApellidoP,ApellidoM,Calle,Numero,Alcaldia,CodigoPostal,FechaNacimiento,DNI,NSS) VALUES ('CMWR114069HWYWXEV8','Héctor','Rodríguez','Herrera','López Mateos',1,'Xochimilco',21362,'2000-05-25','14764336Q',10745294624);
INSERT INTO Distribuidor(CURPDistribuidor,Nombre,ApellidoP,ApellidoM,Calle,Numero,Alcaldia,CodigoPostal,FechaNacimiento,DNI,NSS) VALUES ('ECUJ832224DISBHHG7','Alejandro','Hernández','Meza','Constitución',93,'Benito Juárez',58041,'2003-04-17','45641888C',67633805877);
INSERT INTO Distribuidor(CURPDistribuidor,Nombre,ApellidoP,ApellidoM,Calle,Numero,Alcaldia,CodigoPostal,FechaNacimiento,DNI,NSS) VALUES ('ECIK432943LVUXNYV5','Gilberto','Corona','Salazar','Nezahualcóyotl',9189,'Iztacalco',65605,'1987-02-12','99761888Z',67242476282);
INSERT INTO Distribuidor(CURPDistribuidor,Nombre,ApellidoP,ApellidoM,Calle,Numero,Alcaldia,CodigoPostal,FechaNacimiento,DNI,NSS) VALUES ('VHKN566161KFLUWIM2','Benito','Ramos','Corona','Juárez',2209,'Iztacalco',97439,'1997-09-11','95760032Z',58973557580);
INSERT INTO Distribuidor(CURPDistribuidor,Nombre,ApellidoP,ApellidoM,Calle,Numero,Alcaldia,CodigoPostal,FechaNacimiento,DNI,NSS) VALUES ('UDER309792RQHKZJM5','Mariana','Ortiz','Rosales','Independencia',099,'Álvaro Obregón',31668,'1988-10-08','44905202B',68409275060);
INSERT INTO Distribuidor(CURPDistribuidor,Nombre,ApellidoP,ApellidoM,Calle,Numero,Alcaldia,CodigoPostal,FechaNacimiento,DNI,NSS) VALUES ('SKIY649543VNKCMQQ3','Abraham','Cruz','Soto','Vicente Guerrero',658,'Venustiano Carranza',90756,'1992-09-28','86391870D',39339843441);
INSERT INTO Distribuidor(CURPDistribuidor,Nombre,ApellidoP,ApellidoM,Calle,Numero,Alcaldia,CodigoPostal,FechaNacimiento,DNI,NSS) VALUES ('FKDT000926QRLMINU5','Christian','Delgado','Guzmán','Vicente Guerrero',62246,'Tláhuac',66063,'1990-01-27','11600738Z',29468005465);
INSERT INTO Distribuidor(CURPDistribuidor,Nombre,ApellidoP,ApellidoM,Calle,Numero,Alcaldia,CodigoPostal,FechaNacimiento,DNI,NSS) VALUES ('VASA146351XWJYCPN8','Martín','Ochoa','Méndez','5 de Mayo',8,'Gustavo A. Madero',45404,'2000-10-23','24135975Q',25830449968);
INSERT INTO Distribuidor(CURPDistribuidor,Nombre,ApellidoP,ApellidoM,Calle,Numero,Alcaldia,CodigoPostal,FechaNacimiento,DNI,NSS) VALUES ('XJFX230949OFCJIBV5','Gabriela','Cisneros','Sánchez','Tlalpan',65815,'Miguel Hidalgo',77943,'1991-05-24','91283063Z',55053394819);
INSERT INTO Distribuidor(CURPDistribuidor,Nombre,ApellidoP,ApellidoM,Calle,Numero,Alcaldia,CodigoPostal,FechaNacimiento,DNI,NSS) VALUES ('DVSQ464187RNGTWPW1','Marco','Gómez','Gómez','Benito Juárez',0988,'Xochimilco',90260,'1996-02-29','39427549S',93503612441);
INSERT INTO Distribuidor(CURPDistribuidor,Nombre,ApellidoP,ApellidoM,Calle,Numero,Alcaldia,CodigoPostal,FechaNacimiento,DNI,NSS) VALUES ('YSCJ109038WYXCQCK5','Gilberto','Rodríguez','Arellano','Palmas',34175,'Iztacalco',15062,'1989-03-12','49128781H',55672257886);
INSERT INTO Distribuidor(CURPDistribuidor,Nombre,ApellidoP,ApellidoM,Calle,Numero,Alcaldia,CodigoPostal,FechaNacimiento,DNI,NSS) VALUES ('THLA154625ZTCWADI2','Jorge','Osorio','Osorio','Zaragoza',43,'Venustiano Carranza',84182,'1992-12-11','24892025D',49434467304);
INSERT INTO Distribuidor(CURPDistribuidor,Nombre,ApellidoP,ApellidoM,Calle,Numero,Alcaldia,CodigoPostal,FechaNacimiento,DNI,NSS) VALUES ('SNRD096680DKXOUAC6','Natalia','Acosta','Fuentes','Paseo de la Reforma',552,'Tlalpan',19160,'2001-07-12','60561604S',15428829826);
INSERT INTO Distribuidor(CURPDistribuidor,Nombre,ApellidoP,ApellidoM,Calle,Numero,Alcaldia,CodigoPostal,FechaNacimiento,DNI,NSS) VALUES ('UERB811529UCFBWXV0','Ana','Reyes','Núñez','Nezahualcóyotl',5553,'Iztapalapa',49201,'2002-09-01','43088207G',62462907784);
INSERT INTO Distribuidor(CURPDistribuidor,Nombre,ApellidoP,ApellidoM,Calle,Numero,Alcaldia,CodigoPostal,FechaNacimiento,DNI,NSS) VALUES ('TEFV681496MZQSEPW3','Álvaro','Hernández','Velázquez','Álvaro Obregón',04178,'La Magdalena Contreras',89294,'2000-04-12','02206182Z',66809917227);
INSERT INTO Distribuidor(CURPDistribuidor,Nombre,ApellidoP,ApellidoM,Calle,Numero,Alcaldia,CodigoPostal,FechaNacimiento,DNI,NSS) VALUES ('WERG726291BNOKESW4','Enrique','Pérez','Del Río','16 de Septiembre',4,'Xochimilco',86575,'1985-12-08','64119229Z',11315457399);
INSERT INTO Distribuidor(CURPDistribuidor,Nombre,ApellidoP,ApellidoM,Calle,Numero,Alcaldia,CodigoPostal,FechaNacimiento,DNI,NSS) VALUES ('ILIK151943IWSJRTI4','Óscar','Sepúlveda','León','16 de Septiembre',19,'Milpa Alta',72814,'1997-06-09','24919172B',64130494504);
INSERT INTO Distribuidor(CURPDistribuidor,Nombre,ApellidoP,ApellidoM,Calle,Numero,Alcaldia,CodigoPostal,FechaNacimiento,DNI,NSS) VALUES ('DDUN010153PDNRNQQ1','Carolina','Pacheco','Esparza','20 de Noviembre',2,'Xochimilco',27762,'1985-06-05','19682988J',28867244505);
INSERT INTO Distribuidor(CURPDistribuidor,Nombre,ApellidoP,ApellidoM,Calle,Numero,Alcaldia,CodigoPostal,FechaNacimiento,DNI,NSS) VALUES ('VXZM632731EYKUUJD4','Ximena','Guzmán','Fuentes','Allende',3021,'Milpa Alta',36983,'1992-10-14','72799852O',21701084002);
INSERT INTO Distribuidor(CURPDistribuidor,Nombre,ApellidoP,ApellidoM,Calle,Numero,Alcaldia,CodigoPostal,FechaNacimiento,DNI,NSS) VALUES ('JRFZ746224OLRLMBI5','Hugo','Maldonado','Ochoa','Reforma',4,'Cuauhtémoc',94754,'1992-11-02','37615261S',52846162909);
INSERT INTO Distribuidor(CURPDistribuidor,Nombre,ApellidoP,ApellidoM,Calle,Numero,Alcaldia,CodigoPostal,FechaNacimiento,DNI,NSS) VALUES ('LTJS797568GPGDDZR8','Rodrigo','Núñez','Soto','Miguel Hidalgo',0,'Álvaro Obregón',75000,'1998-05-28','49029009F',48154873823);

-- Población de la tabla CorreoDistribuidor
INSERT INTO CorreoDistribuidor(CURPDistribuidor,Correo) VALUES ('LUMU534282IUAEKLS0','vkhadir0@geocities.com');
INSERT INTO CorreoDistribuidor(CURPDistribuidor,Correo) VALUES ('OMUU607345MXKAPLX7','bzwicker1@naver.com');
INSERT INTO CorreoDistribuidor(CURPDistribuidor,Correo) VALUES ('AKZB364878VQTMCNZ4','tunion2@delicious.com');
INSERT INTO CorreoDistribuidor(CURPDistribuidor,Correo) VALUES ('FLCC206774USVVKNP1','ppendrigh3@who.int');
INSERT INTO CorreoDistribuidor(CURPDistribuidor,Correo) VALUES ('YIBX020615WZTSVRV2','hcarrabot4@t-online.de');
INSERT INTO CorreoDistribuidor(CURPDistribuidor,Correo) VALUES ('FLVB866836RINFJUE3','berik5@topsy.com');
INSERT INTO CorreoDistribuidor(CURPDistribuidor,Correo) VALUES ('CQWM868982XBDWENG3','rstarsmore6@miitbeian.gov.cn');
INSERT INTO CorreoDistribuidor(CURPDistribuidor,Correo) VALUES ('ROFW273201NDXYKUH9','eflewin7@histats.com');
INSERT INTO CorreoDistribuidor(CURPDistribuidor,Correo) VALUES ('PTQB357745GQQDPVC4','tcordelle8@technorati.com');
INSERT INTO CorreoDistribuidor(CURPDistribuidor,Correo) VALUES ('JTGM058343WWXINCC9','sferriday9@usatoday.com');
INSERT INTO CorreoDistribuidor(CURPDistribuidor,Correo) VALUES ('OEMR952256GUNBBOD8','maslena@independent.co.uk');
INSERT INTO CorreoDistribuidor(CURPDistribuidor,Correo) VALUES ('RHWJ966286RKYLZGK9','trannieb@thetimes.co.uk');
INSERT INTO CorreoDistribuidor(CURPDistribuidor,Correo) VALUES ('ETMF280447SJZBUOY9','cmcphelimeyc@123-reg.co.uk');
INSERT INTO CorreoDistribuidor(CURPDistribuidor,Correo) VALUES ('FSIY172442JVIFHRT7','kcaunced@google.ru');
INSERT INTO CorreoDistribuidor(CURPDistribuidor,Correo) VALUES ('YKYE076442MDQQLLK1','rfabbe@mapquest.com');
INSERT INTO CorreoDistribuidor(CURPDistribuidor,Correo) VALUES ('BLBG483530GOQUCTS2','rkilnf@berkeley.edu');
INSERT INTO CorreoDistribuidor(CURPDistribuidor,Correo) VALUES ('LNKJ997777NEUISEZ9','ckieransg@ning.com');
INSERT INTO CorreoDistribuidor(CURPDistribuidor,Correo) VALUES ('VMQH625697PSGIRWS4','smalcolmsonh@ovh.net');
INSERT INTO CorreoDistribuidor(CURPDistribuidor,Correo) VALUES ('JIOA260980MUWGRXY8','dburchnalli@google.es');
INSERT INTO CorreoDistribuidor(CURPDistribuidor,Correo) VALUES ('YNIN040224ABUHIOQ3','aquinlanj@meetup.com');
INSERT INTO CorreoDistribuidor(CURPDistribuidor,Correo) VALUES ('UTZQ736621YRJEFOW6','bothamk@washington.edu');
INSERT INTO CorreoDistribuidor(CURPDistribuidor,Correo) VALUES ('DDQK799137UELWTVD8','keadesl@auda.org.au');
INSERT INTO CorreoDistribuidor(CURPDistribuidor,Correo) VALUES ('TLVT618141FIWHIMI2','ccrowleym@thetimes.co.uk');
INSERT INTO CorreoDistribuidor(CURPDistribuidor,Correo) VALUES ('TGJX646598ZITGUQL6','tbamlettn@gov.uk');
INSERT INTO CorreoDistribuidor(CURPDistribuidor,Correo) VALUES ('ZPTS848527RZWYXJE9','rpennoneo@wikia.com');
INSERT INTO CorreoDistribuidor(CURPDistribuidor,Correo) VALUES ('MRLL008229BVLCOZB1','edortonp@cnn.com');
INSERT INTO CorreoDistribuidor(CURPDistribuidor,Correo) VALUES ('XJNG534954BLKWFFS9','bleflemingq@nps.gov');
INSERT INTO CorreoDistribuidor(CURPDistribuidor,Correo) VALUES ('ZAEH517349RQSJSKO4','apatrisksonr@cam.ac.uk');
INSERT INTO CorreoDistribuidor(CURPDistribuidor,Correo) VALUES ('GWDH472852LKYUJLS0','atuillers@npr.org');
INSERT INTO CorreoDistribuidor(CURPDistribuidor,Correo) VALUES ('CMWR114069HWYWXEV8','wtzart@indiatimes.com');
INSERT INTO CorreoDistribuidor(CURPDistribuidor,Correo) VALUES ('ECUJ832224DISBHHG7','glegeru@domainmarket.com');
INSERT INTO CorreoDistribuidor(CURPDistribuidor,Correo) VALUES ('ECIK432943LVUXNYV5','ykroutv@nba.com');
INSERT INTO CorreoDistribuidor(CURPDistribuidor,Correo) VALUES ('VHKN566161KFLUWIM2','akedsliew@dmoz.org');
INSERT INTO CorreoDistribuidor(CURPDistribuidor,Correo) VALUES ('UDER309792RQHKZJM5','hmauldenx@theguardian.com');
INSERT INTO CorreoDistribuidor(CURPDistribuidor,Correo) VALUES ('SKIY649543VNKCMQQ3','dbiscoy@wix.com');
INSERT INTO CorreoDistribuidor(CURPDistribuidor,Correo) VALUES ('FKDT000926QRLMINU5','kclynmansz@sogou.com');
INSERT INTO CorreoDistribuidor(CURPDistribuidor,Correo) VALUES ('VASA146351XWJYCPN8','brubinovitsch10@weebly.com');
INSERT INTO CorreoDistribuidor(CURPDistribuidor,Correo) VALUES ('XJFX230949OFCJIBV5','smintoff11@utexas.edu');
INSERT INTO CorreoDistribuidor(CURPDistribuidor,Correo) VALUES ('DVSQ464187RNGTWPW1','beckh12@upenn.edu');
INSERT INTO CorreoDistribuidor(CURPDistribuidor,Correo) VALUES ('YSCJ109038WYXCQCK5','fmcettigen13@nature.com');
INSERT INTO CorreoDistribuidor(CURPDistribuidor,Correo) VALUES ('THLA154625ZTCWADI2','egiacubo14@amazon.co.uk');
INSERT INTO CorreoDistribuidor(CURPDistribuidor,Correo) VALUES ('SNRD096680DKXOUAC6','kgreguol15@icio.us');
INSERT INTO CorreoDistribuidor(CURPDistribuidor,Correo) VALUES ('UERB811529UCFBWXV0','kgiddens16@hibu.com');
INSERT INTO CorreoDistribuidor(CURPDistribuidor,Correo) VALUES ('TEFV681496MZQSEPW3','hsabati17@illinois.edu');
INSERT INTO CorreoDistribuidor(CURPDistribuidor,Correo) VALUES ('WERG726291BNOKESW4','mlapere18@ow.ly');
INSERT INTO CorreoDistribuidor(CURPDistribuidor,Correo) VALUES ('ILIK151943IWSJRTI4','atewkesbury19@facebook.com');
INSERT INTO CorreoDistribuidor(CURPDistribuidor,Correo) VALUES ('DDUN010153PDNRNQQ1','bmacaughtrie1a@ask.com');
INSERT INTO CorreoDistribuidor(CURPDistribuidor,Correo) VALUES ('VXZM632731EYKUUJD4','bfilson1b@cam.ac.uk');
INSERT INTO CorreoDistribuidor(CURPDistribuidor,Correo) VALUES ('JRFZ746224OLRLMBI5','trubinow1c@blog.com');
INSERT INTO CorreoDistribuidor(CURPDistribuidor,Correo) VALUES ('LTJS797568GPGDDZR8','gplester1d@posterous.com');

-- Población de la tabla TelefonoDistribuidor
INSERT INTO TelefonoDistribuidor(CURPDistribuidor,Telefono) VALUES ('LUMU534282IUAEKLS0',5500092081);
INSERT INTO TelefonoDistribuidor(CURPDistribuidor,Telefono) VALUES ('OMUU607345MXKAPLX7',5559633459);
INSERT INTO TelefonoDistribuidor(CURPDistribuidor,Telefono) VALUES ('AKZB364878VQTMCNZ4',5579120154);
INSERT INTO TelefonoDistribuidor(CURPDistribuidor,Telefono) VALUES ('FLCC206774USVVKNP1',5528986930);
INSERT INTO TelefonoDistribuidor(CURPDistribuidor,Telefono) VALUES ('YIBX020615WZTSVRV2',5554202230);
INSERT INTO TelefonoDistribuidor(CURPDistribuidor,Telefono) VALUES ('FLVB866836RINFJUE3',5520047867);
INSERT INTO TelefonoDistribuidor(CURPDistribuidor,Telefono) VALUES ('CQWM868982XBDWENG3',5554297044);
INSERT INTO TelefonoDistribuidor(CURPDistribuidor,Telefono) VALUES ('ROFW273201NDXYKUH9',5591289702);
INSERT INTO TelefonoDistribuidor(CURPDistribuidor,Telefono) VALUES ('PTQB357745GQQDPVC4',5562773024);
INSERT INTO TelefonoDistribuidor(CURPDistribuidor,Telefono) VALUES ('JTGM058343WWXINCC9',5564206469);
INSERT INTO TelefonoDistribuidor(CURPDistribuidor,Telefono) VALUES ('OEMR952256GUNBBOD8',5580923486);
INSERT INTO TelefonoDistribuidor(CURPDistribuidor,Telefono) VALUES ('RHWJ966286RKYLZGK9',5564710130);
INSERT INTO TelefonoDistribuidor(CURPDistribuidor,Telefono) VALUES ('ETMF280447SJZBUOY9',5541312534);
INSERT INTO TelefonoDistribuidor(CURPDistribuidor,Telefono) VALUES ('FSIY172442JVIFHRT7',5510667265);
INSERT INTO TelefonoDistribuidor(CURPDistribuidor,Telefono) VALUES ('YKYE076442MDQQLLK1',5580810608);
INSERT INTO TelefonoDistribuidor(CURPDistribuidor,Telefono) VALUES ('BLBG483530GOQUCTS2',5521583176);
INSERT INTO TelefonoDistribuidor(CURPDistribuidor,Telefono) VALUES ('LNKJ997777NEUISEZ9',5588568762);
INSERT INTO TelefonoDistribuidor(CURPDistribuidor,Telefono) VALUES ('VMQH625697PSGIRWS4',5527430529);
INSERT INTO TelefonoDistribuidor(CURPDistribuidor,Telefono) VALUES ('JIOA260980MUWGRXY8',5511290638);
INSERT INTO TelefonoDistribuidor(CURPDistribuidor,Telefono) VALUES ('YNIN040224ABUHIOQ3',5560808258);
INSERT INTO TelefonoDistribuidor(CURPDistribuidor,Telefono) VALUES ('UTZQ736621YRJEFOW6',5562183789);
INSERT INTO TelefonoDistribuidor(CURPDistribuidor,Telefono) VALUES ('DDQK799137UELWTVD8',5568450926);
INSERT INTO TelefonoDistribuidor(CURPDistribuidor,Telefono) VALUES ('TLVT618141FIWHIMI2',5573783198);
INSERT INTO TelefonoDistribuidor(CURPDistribuidor,Telefono) VALUES ('TGJX646598ZITGUQL6',5530618446);
INSERT INTO TelefonoDistribuidor(CURPDistribuidor,Telefono) VALUES ('ZPTS848527RZWYXJE9',5528969205);
INSERT INTO TelefonoDistribuidor(CURPDistribuidor,Telefono) VALUES ('MRLL008229BVLCOZB1',5590656899);
INSERT INTO TelefonoDistribuidor(CURPDistribuidor,Telefono) VALUES ('XJNG534954BLKWFFS9',5583885920);
INSERT INTO TelefonoDistribuidor(CURPDistribuidor,Telefono) VALUES ('ZAEH517349RQSJSKO4',5511373388);
INSERT INTO TelefonoDistribuidor(CURPDistribuidor,Telefono) VALUES ('GWDH472852LKYUJLS0',5541521024);
INSERT INTO TelefonoDistribuidor(CURPDistribuidor,Telefono) VALUES ('CMWR114069HWYWXEV8',5583675943);
INSERT INTO TelefonoDistribuidor(CURPDistribuidor,Telefono) VALUES ('ECUJ832224DISBHHG7',5560263090);
INSERT INTO TelefonoDistribuidor(CURPDistribuidor,Telefono) VALUES ('ECIK432943LVUXNYV5',5538754101);
INSERT INTO TelefonoDistribuidor(CURPDistribuidor,Telefono) VALUES ('VHKN566161KFLUWIM2',5519390109);
INSERT INTO TelefonoDistribuidor(CURPDistribuidor,Telefono) VALUES ('UDER309792RQHKZJM5',5500485836);
INSERT INTO TelefonoDistribuidor(CURPDistribuidor,Telefono) VALUES ('SKIY649543VNKCMQQ3',5526470845);
INSERT INTO TelefonoDistribuidor(CURPDistribuidor,Telefono) VALUES ('FKDT000926QRLMINU5',5576774556);
INSERT INTO TelefonoDistribuidor(CURPDistribuidor,Telefono) VALUES ('VASA146351XWJYCPN8',5519793080);
INSERT INTO TelefonoDistribuidor(CURPDistribuidor,Telefono) VALUES ('XJFX230949OFCJIBV5',5518708562);
INSERT INTO TelefonoDistribuidor(CURPDistribuidor,Telefono) VALUES ('DVSQ464187RNGTWPW1',5557835016);
INSERT INTO TelefonoDistribuidor(CURPDistribuidor,Telefono) VALUES ('YSCJ109038WYXCQCK5',5552501394);
INSERT INTO TelefonoDistribuidor(CURPDistribuidor,Telefono) VALUES ('THLA154625ZTCWADI2',5566913744);
INSERT INTO TelefonoDistribuidor(CURPDistribuidor,Telefono) VALUES ('SNRD096680DKXOUAC6',5586279443);
INSERT INTO TelefonoDistribuidor(CURPDistribuidor,Telefono) VALUES ('UERB811529UCFBWXV0',5538660698);
INSERT INTO TelefonoDistribuidor(CURPDistribuidor,Telefono) VALUES ('TEFV681496MZQSEPW3',5555275496);
INSERT INTO TelefonoDistribuidor(CURPDistribuidor,Telefono) VALUES ('WERG726291BNOKESW4',5582721665);
INSERT INTO TelefonoDistribuidor(CURPDistribuidor,Telefono) VALUES ('ILIK151943IWSJRTI4',5505061889);
INSERT INTO TelefonoDistribuidor(CURPDistribuidor,Telefono) VALUES ('DDUN010153PDNRNQQ1',5596068428);
INSERT INTO TelefonoDistribuidor(CURPDistribuidor,Telefono) VALUES ('VXZM632731EYKUUJD4',5520966608);
INSERT INTO TelefonoDistribuidor(CURPDistribuidor,Telefono) VALUES ('JRFZ746224OLRLMBI5',5525718755);
INSERT INTO TelefonoDistribuidor(CURPDistribuidor,Telefono) VALUES ('LTJS797568GPGDDZR8',5576518996);

-- Población de la tabla Productor
INSERT INTO Productor(CURPProductor,Nombre,ApellidoP,ApellidoM,Calle,Numero,Alcaldia,CodigoPostal,FechaNacimiento,DNI,NSS) VALUES ('SSDY303246PEQTGEA4','Marco','Figueroa','Ibarra','Insurgentes',070,'Álvaro Obregón',42218,'1993-07-19',218981455,92352741013);
INSERT INTO Productor(CURPProductor,Nombre,ApellidoP,ApellidoM,Calle,Numero,Alcaldia,CodigoPostal,FechaNacimiento,DNI,NSS) VALUES ('UKUZ963794BWMIWZC7','Guillermo','Ortega','Cruz','Avenida México',5516,'Tlalpan',45452,'1997-06-08',864856993,19148207313);
INSERT INTO Productor(CURPProductor,Nombre,ApellidoP,ApellidoM,Calle,Numero,Alcaldia,CodigoPostal,FechaNacimiento,DNI,NSS) VALUES ('FAAR139835TQCFKAH6','Victoria','Martínez','López','20 de Noviembre',7447,'Tlalpan',13206,'2005-04-13',506274125,20141001444);
INSERT INTO Productor(CURPProductor,Nombre,ApellidoP,ApellidoM,Calle,Numero,Alcaldia,CodigoPostal,FechaNacimiento,DNI,NSS) VALUES ('MKCM352959WLPJBQP1','Alma','Reyes','Montes','Obregón',1,'La Magdalena Contreras',67470,'2002-12-04',104839158,47193903618);
INSERT INTO Productor(CURPProductor,Nombre,ApellidoP,ApellidoM,Calle,Numero,Alcaldia,CodigoPostal,FechaNacimiento,DNI,NSS) VALUES ('GPGB750356SWZIPOY2','Cristina','Solís','Méndez','Venustiano Carranza',158,'Tláhuac',38634,'1990-06-28',444029710,35244879826);
INSERT INTO Productor(CURPProductor,Nombre,ApellidoP,ApellidoM,Calle,Numero,Alcaldia,CodigoPostal,FechaNacimiento,DNI,NSS) VALUES ('VWSM138293CKJAOZP3','Adrián','Cruz','Romo','López Mateos',7,'Álvaro Obregón',91568,'1995-04-30',441344742,90794373204);
INSERT INTO Productor(CURPProductor,Nombre,ApellidoP,ApellidoM,Calle,Numero,Alcaldia,CodigoPostal,FechaNacimiento,DNI,NSS) VALUES ('NLJT529943EAETHYL3','Salvador','Cruz','Luna','Cuauhtémoc',16,'Iztapalapa',40855,'2000-05-05',119125872,88598831875);
INSERT INTO Productor(CURPProductor,Nombre,ApellidoP,ApellidoM,Calle,Numero,Alcaldia,CodigoPostal,FechaNacimiento,DNI,NSS) VALUES ('MRGL381338NNTVAZD5','Francisco','Miranda','Ortega','Allende',58,'Tláhuac',33018,'1993-03-24',634175013,87181384677);
INSERT INTO Productor(CURPProductor,Nombre,ApellidoP,ApellidoM,Calle,Numero,Alcaldia,CodigoPostal,FechaNacimiento,DNI,NSS) VALUES ('PCAM415940QLRJTRD2','Rafael','Santillán','León','Insurgentes',79919,'Iztacalco',20423,'1994-11-03',001721793,98895242340);
INSERT INTO Productor(CURPProductor,Nombre,ApellidoP,ApellidoM,Calle,Numero,Alcaldia,CodigoPostal,FechaNacimiento,DNI,NSS) VALUES ('ZSWO021078VSFDPOT2','Nicole','Ibarra','Silva','5 de Mayo',250,'Xochimilco',82245,'1994-02-11',296030094,33208609423);
INSERT INTO Productor(CURPProductor,Nombre,ApellidoP,ApellidoM,Calle,Numero,Alcaldia,CodigoPostal,FechaNacimiento,DNI,NSS) VALUES ('IZLW630536VUNJCOR2','Cecilia','Cárdenas','Montes','Hidalgo',1,'Coyoacán',84079,'1985-01-25',070713845,94150156056);
INSERT INTO Productor(CURPProductor,Nombre,ApellidoP,ApellidoM,Calle,Numero,Alcaldia,CodigoPostal,FechaNacimiento,DNI,NSS) VALUES ('UUSS680075XXLWDRE3','Sara','Caballero','Delgado','Venustiano Carranza',6,'Álvaro Obregón',44044,'1983-02-11',082095954,05621057017);
INSERT INTO Productor(CURPProductor,Nombre,ApellidoP,ApellidoM,Calle,Numero,Alcaldia,CodigoPostal,FechaNacimiento,DNI,NSS) VALUES ('KIXC228422JYCUAHR1','Daniela','Bernal','Rivas','Vicente Guerrero',87704,'Iztacalco',20803,'2003-07-21',170724362,65691105790);
INSERT INTO Productor(CURPProductor,Nombre,ApellidoP,ApellidoM,Calle,Numero,Alcaldia,CodigoPostal,FechaNacimiento,DNI,NSS) VALUES ('EKTT198441PPKLIPK9','Isaac','Caballero','Velázquez','Insurgentes',6256,'Iztapalapa',28108,'1989-08-08',628036009,83727784993);
INSERT INTO Productor(CURPProductor,Nombre,ApellidoP,ApellidoM,Calle,Numero,Alcaldia,CodigoPostal,FechaNacimiento,DNI,NSS) VALUES ('MHJS738292HXIXVJR9','Aurora','Núñez','León','Allende',86,'Tlalpan',75513,'1995-01-01',598183658,55263252888);
INSERT INTO Productor(CURPProductor,Nombre,ApellidoP,ApellidoM,Calle,Numero,Alcaldia,CodigoPostal,FechaNacimiento,DNI,NSS) VALUES ('QFZF921801SSXWHNA9','Andrés','Ibarra','Medina','Nezahualcóyotl',6,'Cuauhtémoc',22004,'2003-03-08',253809940,28343634891);
INSERT INTO Productor(CURPProductor,Nombre,ApellidoP,ApellidoM,Calle,Numero,Alcaldia,CodigoPostal,FechaNacimiento,DNI,NSS) VALUES ('GGSC313424VFQUPPX0','Javier','Castro','Briones','Miguel Hidalgo',8231,'Benito Juárez',93723,'1999-01-07',850596895,84226482788);
INSERT INTO Productor(CURPProductor,Nombre,ApellidoP,ApellidoM,Calle,Numero,Alcaldia,CodigoPostal,FechaNacimiento,DNI,NSS) VALUES ('GUTX029064TFPTGLN3','Rafael','Romero','Hernández','Miguel Hidalgo',93116,'Tláhuac',34554,'1984-08-29',568208836,11255690112);
INSERT INTO Productor(CURPProductor,Nombre,ApellidoP,ApellidoM,Calle,Numero,Alcaldia,CodigoPostal,FechaNacimiento,DNI,NSS) VALUES ('RCBP952075BHMICLR3','Nicole','Andrade','León','20 de Noviembre',15,'Milpa Alta',22189,'1984-12-14',768855199,30146591534);
INSERT INTO Productor(CURPProductor,Nombre,ApellidoP,ApellidoM,Calle,Numero,Alcaldia,CodigoPostal,FechaNacimiento,DNI,NSS) VALUES ('JFCD552491IENAGAS2','Alejandra','Rodríguez','Velázquez','Álvaro Obregón',3,'Iztacalco',43189,'1990-05-09',634570996,24753966462);
INSERT INTO Productor(CURPProductor,Nombre,ApellidoP,ApellidoM,Calle,Numero,Alcaldia,CodigoPostal,FechaNacimiento,DNI,NSS) VALUES ('LMFV398045TFFBMIW3','Víctor','Aguilar','Peña','Morelos',565,'Milpa Alta',94508,'1982-04-30',515663648,66300047064);
INSERT INTO Productor(CURPProductor,Nombre,ApellidoP,ApellidoM,Calle,Numero,Alcaldia,CodigoPostal,FechaNacimiento,DNI,NSS) VALUES ('SETG888223SPWUGUB4','Catalina','Ochoa','Acosta','Cuauhtémoc',34670,'Milpa Alta',16596,'1980-10-23',458103144,71395279770);
INSERT INTO Productor(CURPProductor,Nombre,ApellidoP,ApellidoM,Calle,Numero,Alcaldia,CodigoPostal,FechaNacimiento,DNI,NSS) VALUES ('WLPR452777DTFNGGE0','Sofía','Ramírez','Bernal','Allende',4290,'Cuajimalpa de Morelos',74883,'1986-10-26',969901683,89735368212);
INSERT INTO Productor(CURPProductor,Nombre,ApellidoP,ApellidoM,Calle,Numero,Alcaldia,CodigoPostal,FechaNacimiento,DNI,NSS) VALUES ('GQVX435626BUFZGBY9','Diana','Peña','Castro','Miguel Hidalgo',57,'Iztapalapa',84413,'1983-01-06',192261127,42607172193);
INSERT INTO Productor(CURPProductor,Nombre,ApellidoP,ApellidoM,Calle,Numero,Alcaldia,CodigoPostal,FechaNacimiento,DNI,NSS) VALUES ('FBVN492590PYTVIRH6','Rafael','Romo','Esparza','Paseo de la Reforma',0,'Venustiano Carranza',93835,'1993-08-28',503907318,94453531960);
INSERT INTO Productor(CURPProductor,Nombre,ApellidoP,ApellidoM,Calle,Numero,Alcaldia,CodigoPostal,FechaNacimiento,DNI,NSS) VALUES ('MGZW584415UTIUTFI4','Iván','Ochoa','Cisneros','Venustiano Carranza',7,'Tlalpan',44133,'1984-11-27',824181171,99996861591);
INSERT INTO Productor(CURPProductor,Nombre,ApellidoP,ApellidoM,Calle,Numero,Alcaldia,CodigoPostal,FechaNacimiento,DNI,NSS) VALUES ('LFDW460470JLQNDXJ7','Andrea','Cruz','Andrade','Paseo de la Reforma',30157,'Álvaro Obregón',72741,'1981-12-14',911126643,60751655255);
INSERT INTO Productor(CURPProductor,Nombre,ApellidoP,ApellidoM,Calle,Numero,Alcaldia,CodigoPostal,FechaNacimiento,DNI,NSS) VALUES ('SVJC385327MFPQGKI1','Dulce','Jiménez','Paredes','Hidalgo',7888,'Coyoacán',76174,'1987-06-24',661590353,64637988240);
INSERT INTO Productor(CURPProductor,Nombre,ApellidoP,ApellidoM,Calle,Numero,Alcaldia,CodigoPostal,FechaNacimiento,DNI,NSS) VALUES ('MABU436892UHJJSAI7','Sebastián','Montes','Delgado','Álvaro Obregón',36626,'Miguel Hidalgo',19871,'1990-03-30',666312827,96247164328);
INSERT INTO Productor(CURPProductor,Nombre,ApellidoP,ApellidoM,Calle,Numero,Alcaldia,CodigoPostal,FechaNacimiento,DNI,NSS) VALUES ('MIWP952643BZNYILI4','Emily','Maldonado','Morales','Constitución',424,'Gustavo A. Madero',34057,'1985-12-29',036599853,69219752095);
INSERT INTO Productor(CURPProductor,Nombre,ApellidoP,ApellidoM,Calle,Numero,Alcaldia,CodigoPostal,FechaNacimiento,DNI,NSS) VALUES ('COOV649454VXKVFNN4','Fernando','Delgado','Hernández','López Mateos',68372,'La Magdalena Contreras',79218,'1998-01-17',224887151,24267310106);
INSERT INTO Productor(CURPProductor,Nombre,ApellidoP,ApellidoM,Calle,Numero,Alcaldia,CodigoPostal,FechaNacimiento,DNI,NSS) VALUES ('JWAK348170HDARTGQ5','Francisco','Delgado','García','Benito Juárez',58451,'Tlalpan',23458,'2001-06-10',402913758,53390890951);
INSERT INTO Productor(CURPProductor,Nombre,ApellidoP,ApellidoM,Calle,Numero,Alcaldia,CodigoPostal,FechaNacimiento,DNI,NSS) VALUES ('AHWT207232LFOODYP1','Ximena','Islas','Osorio','Guerrero',44434,'Xochimilco',12346,'2004-01-23',428381222,58173852454);
INSERT INTO Productor(CURPProductor,Nombre,ApellidoP,ApellidoM,Calle,Numero,Alcaldia,CodigoPostal,FechaNacimiento,DNI,NSS) VALUES ('MVBH785865ALJKYSQ9','Paola','Morales','Morales','16 de Septiembre',775,'Cuauhtémoc',21860,'1999-05-06',270151077,88066101285);
INSERT INTO Productor(CURPProductor,Nombre,ApellidoP,ApellidoM,Calle,Numero,Alcaldia,CodigoPostal,FechaNacimiento,DNI,NSS) VALUES ('CRFX493487OUQBWHY2','Jimena','Mendoza','Sepúlveda','Cuauhtémoc',8131,'Tlalpan',21527,'1996-06-05',487844381,64119896431);
INSERT INTO Productor(CURPProductor,Nombre,ApellidoP,ApellidoM,Calle,Numero,Alcaldia,CodigoPostal,FechaNacimiento,DNI,NSS) VALUES ('QUZJ623264CJFFJCJ9','Renata','Moreno','Pacheco','16 de Septiembre',776,'Tláhuac',13312,'1999-09-02',917396007,48733857318);
INSERT INTO Productor(CURPProductor,Nombre,ApellidoP,ApellidoM,Calle,Numero,Alcaldia,CodigoPostal,FechaNacimiento,DNI,NSS) VALUES ('OLAF129425OJBGMFL6','Alonso','Rangel','Pacheco','Álvaro Obregón',7,'Xochimilco',30094,'1983-08-28',268933508,21257410690);
INSERT INTO Productor(CURPProductor,Nombre,ApellidoP,ApellidoM,Calle,Numero,Alcaldia,CodigoPostal,FechaNacimiento,DNI,NSS) VALUES ('IMQA090109JBMNVOS8','Gabriel','Briones','Acosta','Allende',3,'Cuauhtémoc',10365,'1993-07-28',248640006,92748260682);
INSERT INTO Productor(CURPProductor,Nombre,ApellidoP,ApellidoM,Calle,Numero,Alcaldia,CodigoPostal,FechaNacimiento,DNI,NSS) VALUES ('KYYE936958AINTMVF1','Jesús','Ibarra','Valdez','Madero',3460,'La Magdalena Contreras',27167,'1990-01-02',855213508,54181745667);
INSERT INTO Productor(CURPProductor,Nombre,ApellidoP,ApellidoM,Calle,Numero,Alcaldia,CodigoPostal,FechaNacimiento,DNI,NSS) VALUES ('TFDN819572ZXMQCYP0','Emily','Guzmán','Osorio','Obregón',02,'Milpa Alta',11698,'2003-08-17',980539380,05503563693);
INSERT INTO Productor(CURPProductor,Nombre,ApellidoP,ApellidoM,Calle,Numero,Alcaldia,CodigoPostal,FechaNacimiento,DNI,NSS) VALUES ('XMKD860362JCRPCIE3','Daniela','Soto','Jiménez','Insurgentes',92922,'Venustiano Carranza',53519,'1990-05-15',723250258,83492410066);
INSERT INTO Productor(CURPProductor,Nombre,ApellidoP,ApellidoM,Calle,Numero,Alcaldia,CodigoPostal,FechaNacimiento,DNI,NSS) VALUES ('LPWB864344NJOUYRG2','Diego','Morales','Esparza','Álvaro Obregón',139,'Azcapotzalco',78442,'1998-12-19',651003736,22228728695);
INSERT INTO Productor(CURPProductor,Nombre,ApellidoP,ApellidoM,Calle,Numero,Alcaldia,CodigoPostal,FechaNacimiento,DNI,NSS) VALUES ('MDKC342468BIHCXDR1','Regina','Briones','Méndez','Guerrero',17304,'Venustiano Carranza',61070,'2000-04-26',961183755,68535610133);
INSERT INTO Productor(CURPProductor,Nombre,ApellidoP,ApellidoM,Calle,Numero,Alcaldia,CodigoPostal,FechaNacimiento,DNI,NSS) VALUES ('RBML293041NLBSXHY0','Paulina','Miranda','Acosta','López Mateos',5,'Tlalpan',97464,'1987-09-19',314390591,94370374386);
INSERT INTO Productor(CURPProductor,Nombre,ApellidoP,ApellidoM,Calle,Numero,Alcaldia,CodigoPostal,FechaNacimiento,DNI,NSS) VALUES ('OUDI370118TLXKQIA4','Guillermo','Padilla','Rivas','Paseo de la Reforma',7701,'Cuauhtémoc',61223,'1997-06-26',213801309,38695751282);
INSERT INTO Productor(CURPProductor,Nombre,ApellidoP,ApellidoM,Calle,Numero,Alcaldia,CodigoPostal,FechaNacimiento,DNI,NSS) VALUES ('JWZU948833TXAPZDP5','Jesús','Delgado','Pérez','Avenida México',5997,'La Magdalena Contreras',42942,'1987-10-13',200393621,31534960540);
INSERT INTO Productor(CURPProductor,Nombre,ApellidoP,ApellidoM,Calle,Numero,Alcaldia,CodigoPostal,FechaNacimiento,DNI,NSS) VALUES ('UUDD797018GKSJQPJ9','Fernanda','Cruz','Meza','Independencia',4,'Azcapotzalco',78535,'1982-09-10',350479509,96347963830);
INSERT INTO Productor(CURPProductor,Nombre,ApellidoP,ApellidoM,Calle,Numero,Alcaldia,CodigoPostal,FechaNacimiento,DNI,NSS) VALUES ('LARL613315SXFPGKV7','Fernanda','Soto','Pineda','Palmas',3,'Gustavo A. Madero',40280,'1984-12-29',012491696,09245220614);
INSERT INTO Productor(CURPProductor,Nombre,ApellidoP,ApellidoM,Calle,Numero,Alcaldia,CodigoPostal,FechaNacimiento,DNI,NSS) VALUES ('HGGD614385UMVJYQS0','Daniela','Santillán','Peña','Palmas',16,'Cuauhtémoc',38701,'1993-12-29',631120052,74678843915);
INSERT INTO Productor(CURPProductor,Nombre,ApellidoP,ApellidoM,Calle,Numero,Alcaldia,CodigoPostal,FechaNacimiento,DNI,NSS) VALUES ('ZIOR210359GTCWDZM6','Andrés','Álvarez','Beltrán','Palmas',0059,'Xochimilco',30743,'1988-08-05',510080721,26607483805);

-- Población de la tabla CorreoProductor
INSERT INTO CorreoProductor(CURPProductor,Correo) VALUES ('SSDY303246PEQTGEA4','gleathes0@discovery.com');
INSERT INTO CorreoProductor(CURPProductor,Correo) VALUES ('UKUZ963794BWMIWZC7','vrobb1@opera.com');
INSERT INTO CorreoProductor(CURPProductor,Correo) VALUES ('FAAR139835TQCFKAH6','tnoirel2@istockphoto.com');
INSERT INTO CorreoProductor(CURPProductor,Correo) VALUES ('MKCM352959WLPJBQP1','rservis3@virginia.edu');
INSERT INTO CorreoProductor(CURPProductor,Correo) VALUES ('GPGB750356SWZIPOY2','dmcgee4@liveinternet.ru');
INSERT INTO CorreoProductor(CURPProductor,Correo) VALUES ('VWSM138293CKJAOZP3','cfumagalli5@geocities.com');
INSERT INTO CorreoProductor(CURPProductor,Correo) VALUES ('NLJT529943EAETHYL3','abristoe6@facebook.com');
INSERT INTO CorreoProductor(CURPProductor,Correo) VALUES ('MRGL381338NNTVAZD5','ecleghorn7@deviantart.com');
INSERT INTO CorreoProductor(CURPProductor,Correo) VALUES ('PCAM415940QLRJTRD2','gwaylett8@hhs.gov');
INSERT INTO CorreoProductor(CURPProductor,Correo) VALUES ('ZSWO021078VSFDPOT2','wmortell9@clickbank.net');
INSERT INTO CorreoProductor(CURPProductor,Correo) VALUES ('IZLW630536VUNJCOR2','lpahlera@noaa.gov');
INSERT INTO CorreoProductor(CURPProductor,Correo) VALUES ('UUSS680075XXLWDRE3','hespinazob@abc.net.au');
INSERT INTO CorreoProductor(CURPProductor,Correo) VALUES ('KIXC228422JYCUAHR1','bizakovitzc@weather.com');
INSERT INTO CorreoProductor(CURPProductor,Correo) VALUES ('EKTT198441PPKLIPK9','abernardottid@squidoo.com');
INSERT INTO CorreoProductor(CURPProductor,Correo) VALUES ('MHJS738292HXIXVJR9','msuarte@nationalgeographic.com');
INSERT INTO CorreoProductor(CURPProductor,Correo) VALUES ('QFZF921801SSXWHNA9','dallistonf@blog.com');
INSERT INTO CorreoProductor(CURPProductor,Correo) VALUES ('GGSC313424VFQUPPX0','mjulyg@lulu.com');
INSERT INTO CorreoProductor(CURPProductor,Correo) VALUES ('GUTX029064TFPTGLN3','bdecruseh@bandcamp.com');
INSERT INTO CorreoProductor(CURPProductor,Correo) VALUES ('RCBP952075BHMICLR3','dswaffieldi@icq.com');
INSERT INTO CorreoProductor(CURPProductor,Correo) VALUES ('JFCD552491IENAGAS2','tlindeboomj@cbslocal.com');
INSERT INTO CorreoProductor(CURPProductor,Correo) VALUES ('LMFV398045TFFBMIW3','epolgreenk@weebly.com');
INSERT INTO CorreoProductor(CURPProductor,Correo) VALUES ('SETG888223SPWUGUB4','adunseathl@thetimes.co.uk');
INSERT INTO CorreoProductor(CURPProductor,Correo) VALUES ('WLPR452777DTFNGGE0','tkimbellm@ihg.com');
INSERT INTO CorreoProductor(CURPProductor,Correo) VALUES ('GQVX435626BUFZGBY9','aharpinn@nature.com');
INSERT INTO CorreoProductor(CURPProductor,Correo) VALUES ('FBVN492590PYTVIRH6','cwaterfieldo@independent.co.uk');
INSERT INTO CorreoProductor(CURPProductor,Correo) VALUES ('MGZW584415UTIUTFI4','tmailep@github.com');
INSERT INTO CorreoProductor(CURPProductor,Correo) VALUES ('LFDW460470JLQNDXJ7','lgeldardq@studiopress.com');
INSERT INTO CorreoProductor(CURPProductor,Correo) VALUES ('SVJC385327MFPQGKI1','holivettir@discovery.com');
INSERT INTO CorreoProductor(CURPProductor,Correo) VALUES ('MABU436892UHJJSAI7','mdowners@abc.net.au');
INSERT INTO CorreoProductor(CURPProductor,Correo) VALUES ('MIWP952643BZNYILI4','bgrindlet@ehow.com');
INSERT INTO CorreoProductor(CURPProductor,Correo) VALUES ('COOV649454VXKVFNN4','alarrawayu@loc.gov');
INSERT INTO CorreoProductor(CURPProductor,Correo) VALUES ('JWAK348170HDARTGQ5','spaulettiv@stumbleupon.com');
INSERT INTO CorreoProductor(CURPProductor,Correo) VALUES ('AHWT207232LFOODYP1','fbertomeuw@sciencedaily.com');
INSERT INTO CorreoProductor(CURPProductor,Correo) VALUES ('MVBH785865ALJKYSQ9','mholseyx@naver.com');
INSERT INTO CorreoProductor(CURPProductor,Correo) VALUES ('CRFX493487OUQBWHY2','bspiry@aol.com');
INSERT INTO CorreoProductor(CURPProductor,Correo) VALUES ('QUZJ623264CJFFJCJ9','nbiffinz@vinaora.com');
INSERT INTO CorreoProductor(CURPProductor,Correo) VALUES ('OLAF129425OJBGMFL6','mmithan10@alibaba.com');
INSERT INTO CorreoProductor(CURPProductor,Correo) VALUES ('IMQA090109JBMNVOS8','dingry11@microsoft.com');
INSERT INTO CorreoProductor(CURPProductor,Correo) VALUES ('KYYE936958AINTMVF1','ikausche12@state.tx.us');
INSERT INTO CorreoProductor(CURPProductor,Correo) VALUES ('TFDN819572ZXMQCYP0','dkinnaird13@msn.com');
INSERT INTO CorreoProductor(CURPProductor,Correo) VALUES ('XMKD860362JCRPCIE3','braitie14@jigsy.com');
INSERT INTO CorreoProductor(CURPProductor,Correo) VALUES ('LPWB864344NJOUYRG2','fhub15@mapy.cz');
INSERT INTO CorreoProductor(CURPProductor,Correo) VALUES ('MDKC342468BIHCXDR1','mstollmeyer16@time.com');
INSERT INTO CorreoProductor(CURPProductor,Correo) VALUES ('RBML293041NLBSXHY0','prupp17@army.mil');
INSERT INTO CorreoProductor(CURPProductor,Correo) VALUES ('OUDI370118TLXKQIA4','cjendrich18@wp.com');
INSERT INTO CorreoProductor(CURPProductor,Correo) VALUES ('JWZU948833TXAPZDP5','tcaff19@nifty.com');
INSERT INTO CorreoProductor(CURPProductor,Correo) VALUES ('UUDD797018GKSJQPJ9','epernell1a@blogtalkradio.com');
INSERT INTO CorreoProductor(CURPProductor,Correo) VALUES ('LARL613315SXFPGKV7','kdehooge1b@icq.com');
INSERT INTO CorreoProductor(CURPProductor,Correo) VALUES ('HGGD614385UMVJYQS0','lcadney1c@hexun.com');
INSERT INTO CorreoProductor(CURPProductor,Correo) VALUES ('ZIOR210359GTCWDZM6','rceyssen1d@redcross.org');

-- Población de la tabla TelefonoProductor
INSERT INTO TelefonoProductor(CURPProductor,Telefono) VALUES ('SSDY303246PEQTGEA4',5539355455);
INSERT INTO TelefonoProductor(CURPProductor,Telefono) VALUES ('UKUZ963794BWMIWZC7',5561877431);
INSERT INTO TelefonoProductor(CURPProductor,Telefono) VALUES ('FAAR139835TQCFKAH6',5535963633);
INSERT INTO TelefonoProductor(CURPProductor,Telefono) VALUES ('MKCM352959WLPJBQP1',5565916415);
INSERT INTO TelefonoProductor(CURPProductor,Telefono) VALUES ('GPGB750356SWZIPOY2',5519668262);
INSERT INTO TelefonoProductor(CURPProductor,Telefono) VALUES ('VWSM138293CKJAOZP3',5598833554);
INSERT INTO TelefonoProductor(CURPProductor,Telefono) VALUES ('NLJT529943EAETHYL3',5577408714);
INSERT INTO TelefonoProductor(CURPProductor,Telefono) VALUES ('MRGL381338NNTVAZD5',5573044168);
INSERT INTO TelefonoProductor(CURPProductor,Telefono) VALUES ('PCAM415940QLRJTRD2',5533608744);
INSERT INTO TelefonoProductor(CURPProductor,Telefono) VALUES ('ZSWO021078VSFDPOT2',5569524397);
INSERT INTO TelefonoProductor(CURPProductor,Telefono) VALUES ('IZLW630536VUNJCOR2',5534604252);
INSERT INTO TelefonoProductor(CURPProductor,Telefono) VALUES ('UUSS680075XXLWDRE3',5566085966);
INSERT INTO TelefonoProductor(CURPProductor,Telefono) VALUES ('KIXC228422JYCUAHR1',5575938780);
INSERT INTO TelefonoProductor(CURPProductor,Telefono) VALUES ('EKTT198441PPKLIPK9',5570071367);
INSERT INTO TelefonoProductor(CURPProductor,Telefono) VALUES ('MHJS738292HXIXVJR9',5517575115);
INSERT INTO TelefonoProductor(CURPProductor,Telefono) VALUES ('QFZF921801SSXWHNA9',5556696994);
INSERT INTO TelefonoProductor(CURPProductor,Telefono) VALUES ('GGSC313424VFQUPPX0',5566835956);
INSERT INTO TelefonoProductor(CURPProductor,Telefono) VALUES ('GUTX029064TFPTGLN3',5559430884);
INSERT INTO TelefonoProductor(CURPProductor,Telefono) VALUES ('RCBP952075BHMICLR3',5542609851);
INSERT INTO TelefonoProductor(CURPProductor,Telefono) VALUES ('JFCD552491IENAGAS2',5568518241);
INSERT INTO TelefonoProductor(CURPProductor,Telefono) VALUES ('LMFV398045TFFBMIW3',5511388496);
INSERT INTO TelefonoProductor(CURPProductor,Telefono) VALUES ('SETG888223SPWUGUB4',5530599532);
INSERT INTO TelefonoProductor(CURPProductor,Telefono) VALUES ('WLPR452777DTFNGGE0',5555071266);
INSERT INTO TelefonoProductor(CURPProductor,Telefono) VALUES ('GQVX435626BUFZGBY9',5521514690);
INSERT INTO TelefonoProductor(CURPProductor,Telefono) VALUES ('FBVN492590PYTVIRH6',5515127643);
INSERT INTO TelefonoProductor(CURPProductor,Telefono) VALUES ('MGZW584415UTIUTFI4',5505156359);
INSERT INTO TelefonoProductor(CURPProductor,Telefono) VALUES ('LFDW460470JLQNDXJ7',5540883092);
INSERT INTO TelefonoProductor(CURPProductor,Telefono) VALUES ('SVJC385327MFPQGKI1',5530988218);
INSERT INTO TelefonoProductor(CURPProductor,Telefono) VALUES ('MABU436892UHJJSAI7',5573399483);
INSERT INTO TelefonoProductor(CURPProductor,Telefono) VALUES ('MIWP952643BZNYILI4',5571913282);
INSERT INTO TelefonoProductor(CURPProductor,Telefono) VALUES ('COOV649454VXKVFNN4',5559429061);
INSERT INTO TelefonoProductor(CURPProductor,Telefono) VALUES ('JWAK348170HDARTGQ5',5551169443);
INSERT INTO TelefonoProductor(CURPProductor,Telefono) VALUES ('AHWT207232LFOODYP1',5529425274);
INSERT INTO TelefonoProductor(CURPProductor,Telefono) VALUES ('MVBH785865ALJKYSQ9',5502453655);
INSERT INTO TelefonoProductor(CURPProductor,Telefono) VALUES ('CRFX493487OUQBWHY2',5512632757);
INSERT INTO TelefonoProductor(CURPProductor,Telefono) VALUES ('QUZJ623264CJFFJCJ9',5569161341);
INSERT INTO TelefonoProductor(CURPProductor,Telefono) VALUES ('OLAF129425OJBGMFL6',5527105647);
INSERT INTO TelefonoProductor(CURPProductor,Telefono) VALUES ('IMQA090109JBMNVOS8',5531872679);
INSERT INTO TelefonoProductor(CURPProductor,Telefono) VALUES ('KYYE936958AINTMVF1',5539888121);
INSERT INTO TelefonoProductor(CURPProductor,Telefono) VALUES ('TFDN819572ZXMQCYP0',5552970527);
INSERT INTO TelefonoProductor(CURPProductor,Telefono) VALUES ('XMKD860362JCRPCIE3',5544934171);
INSERT INTO TelefonoProductor(CURPProductor,Telefono) VALUES ('LPWB864344NJOUYRG2',5505539102);
INSERT INTO TelefonoProductor(CURPProductor,Telefono) VALUES ('MDKC342468BIHCXDR1',5510000489);
INSERT INTO TelefonoProductor(CURPProductor,Telefono) VALUES ('RBML293041NLBSXHY0',5507981634);
INSERT INTO TelefonoProductor(CURPProductor,Telefono) VALUES ('OUDI370118TLXKQIA4',5512100797);
INSERT INTO TelefonoProductor(CURPProductor,Telefono) VALUES ('JWZU948833TXAPZDP5',5506345839);
INSERT INTO TelefonoProductor(CURPProductor,Telefono) VALUES ('UUDD797018GKSJQPJ9',5537729997);
INSERT INTO TelefonoProductor(CURPProductor,Telefono) VALUES ('LARL613315SXFPGKV7',5550121176);
INSERT INTO TelefonoProductor(CURPProductor,Telefono) VALUES ('HGGD614385UMVJYQS0',5534884176);
INSERT INTO TelefonoProductor(CURPProductor,Telefono) VALUES ('ZIOR210359GTCWDZM6',5502531723);

-- Población de la tabla Perecedero
INSERT INTO Perecedero(IDPerecedero,Nombre,PrecioAlmacenado,Marca,FechaPreparacion,FechaCaducidad,Presentacion) VALUES (1,'res',122,'La Corona','2013-08-06','2024-08-22','Sobres');
INSERT INTO Perecedero(IDPerecedero,Nombre,PrecioAlmacenado,Marca,FechaPreparacion,FechaCaducidad,Presentacion) VALUES (2,'Pan fresco',114,'Fud','2014-12-12','2025-06-28','Cajas');
INSERT INTO Perecedero(IDPerecedero,Nombre,PrecioAlmacenado,Marca,FechaPreparacion,FechaCaducidad,Presentacion) VALUES (3,'cerdo',102,'La Madrilena','2020-05-02','2029-11-05','Tarros');
INSERT INTO Perecedero(IDPerecedero,Nombre,PrecioAlmacenado,Marca,FechaPreparacion,FechaCaducidad,Presentacion) VALUES (4,'queso',74,'Danone','2014-11-17','2026-10-25','Cajas');
INSERT INTO Perecedero(IDPerecedero,Nombre,PrecioAlmacenado,Marca,FechaPreparacion,FechaCaducidad,Presentacion) VALUES (5,'Mantequilla',157,'La Huerta','2015-08-11','2026-02-02','Envases de cartón');
INSERT INTO Perecedero(IDPerecedero,Nombre,PrecioAlmacenado,Marca,FechaPreparacion,FechaCaducidad,Presentacion) VALUES (6,'Jamón',149,'Sabrosa','2012-05-12','2026-09-23','Tarros');
INSERT INTO Perecedero(IDPerecedero,Nombre,PrecioAlmacenado,Marca,FechaPreparacion,FechaCaducidad,Presentacion) VALUES (7,'queso',117,'Alpura','2018-08-23','2026-12-19','Empaques al vacío');
INSERT INTO Perecedero(IDPerecedero,Nombre,PrecioAlmacenado,Marca,FechaPreparacion,FechaCaducidad,Presentacion) VALUES (8,'leche',112,'El Cerrito','2018-02-28','2026-02-04','Tarrinas');
INSERT INTO Perecedero(IDPerecedero,Nombre,PrecioAlmacenado,Marca,FechaPreparacion,FechaCaducidad,Presentacion) VALUES (9,'Ketchup',174,'Capullo','2016-11-09','2024-11-27','Tarrinas');
INSERT INTO Perecedero(IDPerecedero,Nombre,PrecioAlmacenado,Marca,FechaPreparacion,FechaCaducidad,Presentacion) VALUES (10,'Margarina',53,'La Granja','2012-11-13','2023-12-27','Contenedores de plástico');
INSERT INTO Perecedero(IDPerecedero,Nombre,PrecioAlmacenado,Marca,FechaPreparacion,FechaCaducidad,Presentacion) VALUES (11,'tomates',132,'La Giralda','2014-03-08','2023-10-16','Sobres');
INSERT INTO Perecedero(IDPerecedero,Nombre,PrecioAlmacenado,Marca,FechaPreparacion,FechaCaducidad,Presentacion) VALUES (12,'lechugas',42,'La Lechera','2021-08-04','2024-01-15','Botellas');
INSERT INTO Perecedero(IDPerecedero,Nombre,PrecioAlmacenado,Marca,FechaPreparacion,FechaCaducidad,Presentacion) VALUES (13,'Huevos',159,'Dolores','2020-08-27','2023-05-01','Rollos de papel encerado');
INSERT INTO Perecedero(IDPerecedero,Nombre,PrecioAlmacenado,Marca,FechaPreparacion,FechaCaducidad,Presentacion) VALUES (14,'Mantequilla',107,'La Costeña','2015-03-22','2022-12-11','Empaques al vacío');
INSERT INTO Perecedero(IDPerecedero,Nombre,PrecioAlmacenado,Marca,FechaPreparacion,FechaCaducidad,Presentacion) VALUES (15,'pepinos',77,'La Villita','2021-11-10','2029-08-20','Sobres');
INSERT INTO Perecedero(IDPerecedero,Nombre,PrecioAlmacenado,Marca,FechaPreparacion,FechaCaducidad,Presentacion) VALUES (16,'Salsas picantes',116,'Pronto','2022-03-05','2025-10-31','Bolsas resellables');
INSERT INTO Perecedero(IDPerecedero,Nombre,PrecioAlmacenado,Marca,FechaPreparacion,FechaCaducidad,Presentacion) VALUES (17,'yogurt',191,'Nestlé','2021-07-13','2030-02-08','Envases de cartón');
INSERT INTO Perecedero(IDPerecedero,Nombre,PrecioAlmacenado,Marca,FechaPreparacion,FechaCaducidad,Presentacion) VALUES (18,'Jamón',66,'Nutella','2012-05-05','2030-02-09','Tarros');
INSERT INTO Perecedero(IDPerecedero,Nombre,PrecioAlmacenado,Marca,FechaPreparacion,FechaCaducidad,Presentacion) VALUES (19,'Salchichas',17,'Alteza','2012-11-02','2024-11-26','Envases de cartón');
INSERT INTO Perecedero(IDPerecedero,Nombre,PrecioAlmacenado,Marca,FechaPreparacion,FechaCaducidad,Presentacion) VALUES (20,'res',187,'Fud','2022-04-13','2023-03-25','Tinas');
INSERT INTO Perecedero(IDPerecedero,Nombre,PrecioAlmacenado,Marca,FechaPreparacion,FechaCaducidad,Presentacion) VALUES (21,'Salsa de tomate',126,'Sabrosa','2021-10-12','2028-12-09','Charolas');
INSERT INTO Perecedero(IDPerecedero,Nombre,PrecioAlmacenado,Marca,FechaPreparacion,FechaCaducidad,Presentacion) VALUES (22,'lechugas',36,'Lala','2017-03-26','2023-08-28','Tarrinas');
INSERT INTO Perecedero(IDPerecedero,Nombre,PrecioAlmacenado,Marca,FechaPreparacion,FechaCaducidad,Presentacion) VALUES (23,'Queso crema',51,'Kellogg''s','2019-03-08','2022-10-22','Bandas elásticas');
INSERT INTO Perecedero(IDPerecedero,Nombre,PrecioAlmacenado,Marca,FechaPreparacion,FechaCaducidad,Presentacion) VALUES (24,'tomates',132,'Bonafont','2016-03-19','2025-01-09','Empaques al vacío');
INSERT INTO Perecedero(IDPerecedero,Nombre,PrecioAlmacenado,Marca,FechaPreparacion,FechaCaducidad,Presentacion) VALUES (25,'Mayonesa',103,'Lala','2019-08-23','2022-09-01','Latas');
INSERT INTO Perecedero(IDPerecedero,Nombre,PrecioAlmacenado,Marca,FechaPreparacion,FechaCaducidad,Presentacion) VALUES (26,'Salsas picantes',77,'San Rafael','2014-05-03','2025-10-19','Envolturas individuales');
INSERT INTO Perecedero(IDPerecedero,Nombre,PrecioAlmacenado,Marca,FechaPreparacion,FechaCaducidad,Presentacion) VALUES (27,'Salsas picantes',88,'La Lechera','2012-02-11','2023-01-26','Recipientes de vidrio');
INSERT INTO Perecedero(IDPerecedero,Nombre,PrecioAlmacenado,Marca,FechaPreparacion,FechaCaducidad,Presentacion) VALUES (28,'Yogurt',152,'La Corona','2017-03-16','2022-09-29','Latas');
INSERT INTO Perecedero(IDPerecedero,Nombre,PrecioAlmacenado,Marca,FechaPreparacion,FechaCaducidad,Presentacion) VALUES (29,'Ketchup',86,'Lyncott','2013-12-08','2022-09-08','Empaques al vacío');
INSERT INTO Perecedero(IDPerecedero,Nombre,PrecioAlmacenado,Marca,FechaPreparacion,FechaCaducidad,Presentacion) VALUES (30,'yogurt',159,'Capullo','2016-10-27','2026-03-26','Envolturas individuales');
INSERT INTO Perecedero(IDPerecedero,Nombre,PrecioAlmacenado,Marca,FechaPreparacion,FechaCaducidad,Presentacion) VALUES (31,'pepinos',141,'La Giralda','2019-10-07','2028-06-09','Bandejas');
INSERT INTO Perecedero(IDPerecedero,Nombre,PrecioAlmacenado,Marca,FechaPreparacion,FechaCaducidad,Presentacion) VALUES (32,'Jamón',163,'Cholula','2018-04-30','2027-07-09','Envolturas individuales');
INSERT INTO Perecedero(IDPerecedero,Nombre,PrecioAlmacenado,Marca,FechaPreparacion,FechaCaducidad,Presentacion) VALUES (33,'cebollas',158,'La Victoria','2018-06-25','2025-06-22','Frascos');
INSERT INTO Perecedero(IDPerecedero,Nombre,PrecioAlmacenado,Marca,FechaPreparacion,FechaCaducidad,Presentacion) VALUES (34,'tomates',2,'Yoplait','2018-03-15','2030-02-08','Empaques al vacío');
INSERT INTO Perecedero(IDPerecedero,Nombre,PrecioAlmacenado,Marca,FechaPreparacion,FechaCaducidad,Presentacion) VALUES (35,'Mostaza',186,'Danone','2015-03-27','2024-03-23','Estuches de cartón');
INSERT INTO Perecedero(IDPerecedero,Nombre,PrecioAlmacenado,Marca,FechaPreparacion,FechaCaducidad,Presentacion) VALUES (36,'pollo',194,'La Lechera','2019-12-08','2028-02-08','Sobres');
INSERT INTO Perecedero(IDPerecedero,Nombre,PrecioAlmacenado,Marca,FechaPreparacion,FechaCaducidad,Presentacion) VALUES (37,'Pan fresco',101,'La Villita','2014-05-30','2029-10-01','Recipientes de vidrio');
INSERT INTO Perecedero(IDPerecedero,Nombre,PrecioAlmacenado,Marca,FechaPreparacion,FechaCaducidad,Presentacion) VALUES (38,'Mostaza',173,'Marinero','2015-07-19','2022-05-29','Tinas');
INSERT INTO Perecedero(IDPerecedero,Nombre,PrecioAlmacenado,Marca,FechaPreparacion,FechaCaducidad,Presentacion) VALUES (39,'tortillas',76,'La Giralda','2016-03-22','2027-06-01','Bandejas');
INSERT INTO Perecedero(IDPerecedero,Nombre,PrecioAlmacenado,Marca,FechaPreparacion,FechaCaducidad,Presentacion) VALUES (40,'Jamón',139,'Carnation','2013-01-14','2023-11-14','Latas');
INSERT INTO Perecedero(IDPerecedero,Nombre,PrecioAlmacenado,Marca,FechaPreparacion,FechaCaducidad,Presentacion) VALUES (41,'cerdo',145,'La Giralda','2016-10-15','2029-01-03','Bandas elásticas');
INSERT INTO Perecedero(IDPerecedero,Nombre,PrecioAlmacenado,Marca,FechaPreparacion,FechaCaducidad,Presentacion) VALUES (42,'Mayonesa',96,'Alamar','2020-04-10','2023-11-05','Bolsas de vacío');
INSERT INTO Perecedero(IDPerecedero,Nombre,PrecioAlmacenado,Marca,FechaPreparacion,FechaCaducidad,Presentacion) VALUES (43,'queso',68,'Herdez','2019-12-23','2027-03-27','Contenedores de plástico');
INSERT INTO Perecedero(IDPerecedero,Nombre,PrecioAlmacenado,Marca,FechaPreparacion,FechaCaducidad,Presentacion) VALUES (44,'Queso crema',88,'SuKarne','2012-10-14','2025-03-04','Frascos');
INSERT INTO Perecedero(IDPerecedero,Nombre,PrecioAlmacenado,Marca,FechaPreparacion,FechaCaducidad,Presentacion) VALUES (45,'Mostaza',55,'San Marcos','2015-12-24','2028-03-28','Botellas');
INSERT INTO Perecedero(IDPerecedero,Nombre,PrecioAlmacenado,Marca,FechaPreparacion,FechaCaducidad,Presentacion) VALUES (46,'Queso crema',132,'Yemina','2019-05-01','2027-08-18','Tarros');
INSERT INTO Perecedero(IDPerecedero,Nombre,PrecioAlmacenado,Marca,FechaPreparacion,FechaCaducidad,Presentacion) VALUES (47,'Salsas picantes',140,'Alamar','2013-02-09','2023-03-30','Bolsas');
INSERT INTO Perecedero(IDPerecedero,Nombre,PrecioAlmacenado,Marca,FechaPreparacion,FechaCaducidad,Presentacion) VALUES (48,'cebollas',160,'Yogurt Griego','2015-02-13','2023-06-22','Contenedores de plástico');
INSERT INTO Perecedero(IDPerecedero,Nombre,PrecioAlmacenado,Marca,FechaPreparacion,FechaCaducidad,Presentacion) VALUES (49,'Pan fresco',77,'La Estancia','2012-03-01','2027-09-04','Tinas');
INSERT INTO Perecedero(IDPerecedero,Nombre,PrecioAlmacenado,Marca,FechaPreparacion,FechaCaducidad,Presentacion) VALUES (50,'cerdo',40,'Zwan','2020-06-30','2027-04-17','Botellas');

-- Población de la tabla NoPerecedero
INSERT INTO NoPerecedero(IDNoPerecedero,Nombre,PrecioAlmacenado,Marca,FechaPreparacion,FechaCaducidad,Presentacion) VALUES (51,'Conservas de frutas',92,'Fud','2020-08-27','2027-03-06','Charolas');
INSERT INTO NoPerecedero(IDNoPerecedero,Nombre,PrecioAlmacenado,Marca,FechaPreparacion,FechaCaducidad,Presentacion) VALUES (52,'Cereal',169,'Bimbo','2017-01-23','2029-09-13','Paquetes');
INSERT INTO NoPerecedero(IDNoPerecedero,Nombre,PrecioAlmacenado,Marca,FechaPreparacion,FechaCaducidad,Presentacion) VALUES (53,'Harina',83,'La Granja','2013-01-05','2028-11-12','Envases plásticos');
INSERT INTO NoPerecedero(IDNoPerecedero,Nombre,PrecioAlmacenado,Marca,FechaPreparacion,FechaCaducidad,Presentacion) VALUES (54,'Miel',92,'Great Value','2015-05-18','2026-04-22','Cajas');
INSERT INTO NoPerecedero(IDNoPerecedero,Nombre,PrecioAlmacenado,Marca,FechaPreparacion,FechaCaducidad,Presentacion) VALUES (55,'Enlatados de verduras',14,'Sonora','2016-09-03','2024-11-19','Tarros');
INSERT INTO NoPerecedero(IDNoPerecedero,Nombre,PrecioAlmacenado,Marca,FechaPreparacion,FechaCaducidad,Presentacion) VALUES (56,'Azúcar',83,'San Marcos','2014-09-24','2026-02-06','Bolsas resellables');
INSERT INTO NoPerecedero(IDNoPerecedero,Nombre,PrecioAlmacenado,Marca,FechaPreparacion,FechaCaducidad,Presentacion) VALUES (57,'Miel',193,'Los Pinos','2018-07-14','2022-06-26','Frascos');
INSERT INTO NoPerecedero(IDNoPerecedero,Nombre,PrecioAlmacenado,Marca,FechaPreparacion,FechaCaducidad,Presentacion) VALUES (58,'Mermelada',179,'Tía Rosa','2015-07-15','2023-04-19','Rollos de papel encerado');
INSERT INTO NoPerecedero(IDNoPerecedero,Nombre,PrecioAlmacenado,Marca,FechaPreparacion,FechaCaducidad,Presentacion) VALUES (59,'Pepinillos',8,'Cremosita','2020-05-06','2028-10-28','Bolsas de vacío');
INSERT INTO NoPerecedero(IDNoPerecedero,Nombre,PrecioAlmacenado,Marca,FechaPreparacion,FechaCaducidad,Presentacion) VALUES (60,'Sopa enlatada',15,'Nutrileche','2016-09-14','2028-04-25','Bolsas');
INSERT INTO NoPerecedero(IDNoPerecedero,Nombre,PrecioAlmacenado,Marca,FechaPreparacion,FechaCaducidad,Presentacion) VALUES (61,'Leche en polvo',124,'Galletas Emperador','2014-08-06','2024-10-10','Bolsas de vacío');
INSERT INTO NoPerecedero(IDNoPerecedero,Nombre,PrecioAlmacenado,Marca,FechaPreparacion,FechaCaducidad,Presentacion) VALUES (62,'Leche en polvo',187,'San Rafael','2015-06-09','2027-02-12','Botellas');
INSERT INTO NoPerecedero(IDNoPerecedero,Nombre,PrecioAlmacenado,Marca,FechaPreparacion,FechaCaducidad,Presentacion) VALUES (63,'Mermelada',13,'Coca-Cola','2017-12-24','2025-04-10','Botellas');
INSERT INTO NoPerecedero(IDNoPerecedero,Nombre,PrecioAlmacenado,Marca,FechaPreparacion,FechaCaducidad,Presentacion) VALUES (64,'Conservas de frutas',169,'Alpura','2017-09-10','2028-12-11','Empaques al vacío');
INSERT INTO NoPerecedero(IDNoPerecedero,Nombre,PrecioAlmacenado,Marca,FechaPreparacion,FechaCaducidad,Presentacion) VALUES (65,'Avena',102,'Bachoco','2019-05-19','2023-01-02','Bandas elásticas');
INSERT INTO NoPerecedero(IDNoPerecedero,Nombre,PrecioAlmacenado,Marca,FechaPreparacion,FechaCaducidad,Presentacion) VALUES (66,'Harina',83,'La Madrilena','2013-06-07','2028-07-21','Cajas');
INSERT INTO NoPerecedero(IDNoPerecedero,Nombre,PrecioAlmacenado,Marca,FechaPreparacion,FechaCaducidad,Presentacion) VALUES (67,'Maíz',22,'La Corona','2014-02-07','2029-11-27','Estuches de cartón');
INSERT INTO NoPerecedero(IDNoPerecedero,Nombre,PrecioAlmacenado,Marca,FechaPreparacion,FechaCaducidad,Presentacion) VALUES (68,'Avena',146,'Nutella','2021-12-20','2028-05-22','Recipientes de vidrio');
INSERT INTO NoPerecedero(IDNoPerecedero,Nombre,PrecioAlmacenado,Marca,FechaPreparacion,FechaCaducidad,Presentacion) VALUES (69,'Chocolate',47,'Galletas Emperador','2013-04-21','2027-10-24','Bolsas');
INSERT INTO NoPerecedero(IDNoPerecedero,Nombre,PrecioAlmacenado,Marca,FechaPreparacion,FechaCaducidad,Presentacion) VALUES (70,'Pasta',116,'SunnyD','2015-11-26','2029-12-01','Botellas');
INSERT INTO NoPerecedero(IDNoPerecedero,Nombre,PrecioAlmacenado,Marca,FechaPreparacion,FechaCaducidad,Presentacion) VALUES (71,'Vinagre',44,'SunnyD','2022-04-03','2023-02-14','Envases plásticos');
INSERT INTO NoPerecedero(IDNoPerecedero,Nombre,PrecioAlmacenado,Marca,FechaPreparacion,FechaCaducidad,Presentacion) VALUES (72,'Leche en polvo',116,'Sabritas','2021-05-09','2028-12-19','Envases plásticos');
INSERT INTO NoPerecedero(IDNoPerecedero,Nombre,PrecioAlmacenado,Marca,FechaPreparacion,FechaCaducidad,Presentacion) VALUES (73,'Azúcar',69,'Galletas Emperador','2014-08-19','2024-04-28','Empaques al vacío');
INSERT INTO NoPerecedero(IDNoPerecedero,Nombre,PrecioAlmacenado,Marca,FechaPreparacion,FechaCaducidad,Presentacion) VALUES (74,'Cereal',192,'La Giralda','2021-04-08','2024-08-25','Empaques al vacío');
INSERT INTO NoPerecedero(IDNoPerecedero,Nombre,PrecioAlmacenado,Marca,FechaPreparacion,FechaCaducidad,Presentacion) VALUES (75,'Cacahuetes',144,'Kellogg''s','2019-05-28','2029-07-12','Bandejas termoformadas');
INSERT INTO NoPerecedero(IDNoPerecedero,Nombre,PrecioAlmacenado,Marca,FechaPreparacion,FechaCaducidad,Presentacion) VALUES (76,'Pepinillos',171,'Nutella','2012-03-31','2027-12-26','Bandas elásticas');
INSERT INTO NoPerecedero(IDNoPerecedero,Nombre,PrecioAlmacenado,Marca,FechaPreparacion,FechaCaducidad,Presentacion) VALUES (77,'Lentejas',63,'Cremosita','2013-06-14','2023-05-18','Rollos de papel encerado');
INSERT INTO NoPerecedero(IDNoPerecedero,Nombre,PrecioAlmacenado,Marca,FechaPreparacion,FechaCaducidad,Presentacion) VALUES (78,'Aceite',90,'Alamar','2013-07-07','2025-06-10','Paquetes');
INSERT INTO NoPerecedero(IDNoPerecedero,Nombre,PrecioAlmacenado,Marca,FechaPreparacion,FechaCaducidad,Presentacion) VALUES (79,'Aderezo para ensaladas',165,'Pepsi','2019-12-19','2022-10-09','Empaques al vacío');
INSERT INTO NoPerecedero(IDNoPerecedero,Nombre,PrecioAlmacenado,Marca,FechaPreparacion,FechaCaducidad,Presentacion) VALUES (80,'Frijoles',108,'La Moderna','2022-04-17','2030-03-23','Bandejas termoformadas');
INSERT INTO NoPerecedero(IDNoPerecedero,Nombre,PrecioAlmacenado,Marca,FechaPreparacion,FechaCaducidad,Presentacion) VALUES (81,'Pepinillos',40,'Lyncott','2015-03-30','2025-04-14','Recipientes de vidrio');
INSERT INTO NoPerecedero(IDNoPerecedero,Nombre,PrecioAlmacenado,Marca,FechaPreparacion,FechaCaducidad,Presentacion) VALUES (82,'Conservas de frutas',109,'Yogurt Griego','2021-10-05','2028-01-01','Envases plásticos');
INSERT INTO NoPerecedero(IDNoPerecedero,Nombre,PrecioAlmacenado,Marca,FechaPreparacion,FechaCaducidad,Presentacion) VALUES (83,'Frijoles',11,'Jumex','2017-03-29','2023-07-20','Tarrinas');
INSERT INTO NoPerecedero(IDNoPerecedero,Nombre,PrecioAlmacenado,Marca,FechaPreparacion,FechaCaducidad,Presentacion) VALUES (84,'Leche en polvo',142,'Capullo','2018-02-23','2023-01-11','Bandejas');
INSERT INTO NoPerecedero(IDNoPerecedero,Nombre,PrecioAlmacenado,Marca,FechaPreparacion,FechaCaducidad,Presentacion) VALUES (85,'Pepinillos',140,'La Cocinera','2013-01-27','2022-12-22','Envases plásticos');
INSERT INTO NoPerecedero(IDNoPerecedero,Nombre,PrecioAlmacenado,Marca,FechaPreparacion,FechaCaducidad,Presentacion) VALUES (86,'Lentejas',129,'Tía Rosa','2021-11-28','2026-08-11','Rollos de papel encerado');
INSERT INTO NoPerecedero(IDNoPerecedero,Nombre,PrecioAlmacenado,Marca,FechaPreparacion,FechaCaducidad,Presentacion) VALUES (87,'Sal',56,'Alamar','2019-02-04','2026-06-15','Tarrinas');
INSERT INTO NoPerecedero(IDNoPerecedero,Nombre,PrecioAlmacenado,Marca,FechaPreparacion,FechaCaducidad,Presentacion) VALUES (88,'Conservas de frutas',99,'Fud','2019-11-16','2029-08-07','Envases plásticos');
INSERT INTO NoPerecedero(IDNoPerecedero,Nombre,PrecioAlmacenado,Marca,FechaPreparacion,FechaCaducidad,Presentacion) VALUES (89,'Leche condensada',22,'Bachoco','2015-10-29','2023-07-30','Tarrinas');
INSERT INTO NoPerecedero(IDNoPerecedero,Nombre,PrecioAlmacenado,Marca,FechaPreparacion,FechaCaducidad,Presentacion) VALUES (90,'Miel',27,'Cholula','2012-02-12','2026-02-12','Sobres');
INSERT INTO NoPerecedero(IDNoPerecedero,Nombre,PrecioAlmacenado,Marca,FechaPreparacion,FechaCaducidad,Presentacion) VALUES (91,'Sopa enlatada',180,'Sonora','2021-05-02','2029-08-13','Recipientes de vidrio');
INSERT INTO NoPerecedero(IDNoPerecedero,Nombre,PrecioAlmacenado,Marca,FechaPreparacion,FechaCaducidad,Presentacion) VALUES (92,'Avena',169,'Tía Rosa','2015-04-11','2025-10-24','Tarrinas');
INSERT INTO NoPerecedero(IDNoPerecedero,Nombre,PrecioAlmacenado,Marca,FechaPreparacion,FechaCaducidad,Presentacion) VALUES (93,'Cereal',91,'Capullo','2013-01-01','2030-01-17','Bandejas');
INSERT INTO NoPerecedero(IDNoPerecedero,Nombre,PrecioAlmacenado,Marca,FechaPreparacion,FechaCaducidad,Presentacion) VALUES (94,'Leche en polvo',141,'La Madrilena','2020-04-24','2028-06-08','Paquetes');
INSERT INTO NoPerecedero(IDNoPerecedero,Nombre,PrecioAlmacenado,Marca,FechaPreparacion,FechaCaducidad,Presentacion) VALUES (95,'Leche condensada',173,'Tía Rosa','2014-10-31','2025-07-24','Estuches de cartón');
INSERT INTO NoPerecedero(IDNoPerecedero,Nombre,PrecioAlmacenado,Marca,FechaPreparacion,FechaCaducidad,Presentacion) VALUES (96,'Aceite',129,'Bimbo','2016-03-04','2029-05-25','Bandejas');
INSERT INTO NoPerecedero(IDNoPerecedero,Nombre,PrecioAlmacenado,Marca,FechaPreparacion,FechaCaducidad,Presentacion) VALUES (97,'Vinagre',131,'Jumex','2015-03-01','2024-08-24','Sobres');
INSERT INTO NoPerecedero(IDNoPerecedero,Nombre,PrecioAlmacenado,Marca,FechaPreparacion,FechaCaducidad,Presentacion) VALUES (98,'Miel',165,'Pepsi','2017-12-25','2029-10-21','Rollos de papel encerado');
INSERT INTO NoPerecedero(IDNoPerecedero,Nombre,PrecioAlmacenado,Marca,FechaPreparacion,FechaCaducidad,Presentacion) VALUES (99,'Leche en polvo',39,'Lyncott','2013-11-14','2026-10-22','Tarrinas');
INSERT INTO NoPerecedero(IDNoPerecedero,Nombre,PrecioAlmacenado,Marca,FechaPreparacion,FechaCaducidad,Presentacion) VALUES (100,'Arroz',47,'La Moderna','2014-10-22','2028-09-29','Envases plásticos');

-- Población de la tabla Electronica
INSERT INTO Electronica(IDElectronica,Nombre,PrecioAlmacenado,Marca,Descripcion,ConsumoElectrico,Categoria) VALUES (101,'Radiograbadora',686,'Logitech','Desktop Computer Dell XPS Tower',432,'smartwatch');
INSERT INTO Electronica(IDElectronica,Nombre,PrecioAlmacenado,Marca,Descripcion,ConsumoElectrico,Categoria) VALUES (102,'Microondas',858,'Hisense','Headphones Sony WH-1000XM4',483,'desktop');
INSERT INTO Electronica(IDElectronica,Nombre,PrecioAlmacenado,Marca,Descripcion,ConsumoElectrico,Categoria) VALUES (103,'Auriculares',2156,'Bose','Smartphone Samsung Galaxy S21',988,'consola de videojuegos');
INSERT INTO Electronica(IDElectronica,Nombre,PrecioAlmacenado,Marca,Descripcion,ConsumoElectrico,Categoria) VALUES (104,'Cámara de seguridad',2245,'Acer','Headphones Sony WH-1000XM4',108,'tablet');
INSERT INTO Electronica(IDElectronica,Nombre,PrecioAlmacenado,Marca,Descripcion,ConsumoElectrico,Categoria) VALUES (105,'Ventilador',1280,'Bosch','Smart TV LG OLED CX',453,'camara');
INSERT INTO Electronica(IDElectronica,Nombre,PrecioAlmacenado,Marca,Descripcion,ConsumoElectrico,Categoria) VALUES (106,'Refrigerador',2255,'Vivo','Smartwatch Apple Watch Series 6',763,'smartphone');
INSERT INTO Electronica(IDElectronica,Nombre,PrecioAlmacenado,Marca,Descripcion,ConsumoElectrico,Categoria) VALUES (107,'Bolsa para cámara',411,'Lenovo ThinkPad','Tablet Apple iPad Pro',239,'drone');
INSERT INTO Electronica(IDElectronica,Nombre,PrecioAlmacenado,Marca,Descripcion,ConsumoElectrico,Categoria) VALUES (108,'Cafetera eléctrica',2555,'Bosch','Smartwatch Apple Watch Series 6',655,'drone');
INSERT INTO Electronica(IDElectronica,Nombre,PrecioAlmacenado,Marca,Descripcion,ConsumoElectrico,Categoria) VALUES (109,'Cable de audio',1689,'Netgear','Wireless Earbuds Apple AirPods Pro',893,'televisor');
INSERT INTO Electronica(IDElectronica,Nombre,PrecioAlmacenado,Marca,Descripcion,ConsumoElectrico,Categoria) VALUES (110,'Memoria USB',250,'Seagate','Laptop HP Pavilion x360',787,'televisor');
INSERT INTO Electronica(IDElectronica,Nombre,PrecioAlmacenado,Marca,Descripcion,ConsumoElectrico,Categoria) VALUES (111,'Tablet',1202,'Onkyo','Smart TV LG OLED CX',242,'smartwatch');
INSERT INTO Electronica(IDElectronica,Nombre,PrecioAlmacenado,Marca,Descripcion,ConsumoElectrico,Categoria) VALUES (112,'Funda para smartphone',2226,'Vivo V-series','Gaming Console Sony PlayStation 5',504,'desktop');
INSERT INTO Electronica(IDElectronica,Nombre,PrecioAlmacenado,Marca,Descripcion,ConsumoElectrico,Categoria) VALUES (113,'Cámara de seguridad',508,'Motorola Moto','Headphones Sony WH-1000XM4',717,'desktop');
INSERT INTO Electronica(IDElectronica,Nombre,PrecioAlmacenado,Marca,Descripcion,ConsumoElectrico,Categoria) VALUES (114,'Secador de pelo',877,'Kingston','Wireless Earbuds Apple AirPods Pro',668,'tablet');
INSERT INTO Electronica(IDElectronica,Nombre,PrecioAlmacenado,Marca,Descripcion,ConsumoElectrico,Categoria) VALUES (115,'Congelador',2713,'Olympus','Wireless Earbuds Apple AirPods Pro',604,'tablet');
INSERT INTO Electronica(IDElectronica,Nombre,PrecioAlmacenado,Marca,Descripcion,ConsumoElectrico,Categoria) VALUES (116,'Proyector',2892,'Samsung Galaxy','Headphones Sony WH-1000XM4',777,'desktop');
INSERT INTO Electronica(IDElectronica,Nombre,PrecioAlmacenado,Marca,Descripcion,ConsumoElectrico,Categoria) VALUES (117,'Cámara digital',1611,'Sharp','Smartwatch Apple Watch Series 6',633,'laptop');
INSERT INTO Electronica(IDElectronica,Nombre,PrecioAlmacenado,Marca,Descripcion,ConsumoElectrico,Categoria) VALUES (118,'Adaptador de TV',2798,'Frigidaire','Laptop HP Pavilion x360',417,'consola de videojuegos');
INSERT INTO Electronica(IDElectronica,Nombre,PrecioAlmacenado,Marca,Descripcion,ConsumoElectrico,Categoria) VALUES (119,'Aire acondicionado',1370,'Oppo','Desktop Computer Dell XPS Tower',361,'consola de videojuegos');
INSERT INTO Electronica(IDElectronica,Nombre,PrecioAlmacenado,Marca,Descripcion,ConsumoElectrico,Categoria) VALUES (120,'Calculadora',2015,'Samsung Electronics','Smartphone Samsung Galaxy S21',204,'consola de videojuegos');
INSERT INTO Electronica(IDElectronica,Nombre,PrecioAlmacenado,Marca,Descripcion,ConsumoElectrico,Categoria) VALUES (121,'Radio portátil',880,'Bosch','Smart TV LG OLED CX',178,'altavoz inteligente');
INSERT INTO Electronica(IDElectronica,Nombre,PrecioAlmacenado,Marca,Descripcion,ConsumoElectrico,Categoria) VALUES (122,'Parlante Bluetooth',1739,'Logitech G','Smart TV LG OLED CX',241,'laptop');
INSERT INTO Electronica(IDElectronica,Nombre,PrecioAlmacenado,Marca,Descripcion,ConsumoElectrico,Categoria) VALUES (123,'Batidora',1964,'LG Electronics','Gaming Console Sony PlayStation 5',948,'tablet');
INSERT INTO Electronica(IDElectronica,Nombre,PrecioAlmacenado,Marca,Descripcion,ConsumoElectrico,Categoria) VALUES (124,'Videocámara',2975,'Panasonic Electronics','Laptop HP Pavilion x360',140,'tablet');
INSERT INTO Electronica(IDElectronica,Nombre,PrecioAlmacenado,Marca,Descripcion,ConsumoElectrico,Categoria) VALUES (125,'Impresora',424,'Yamaha','Gaming Console Sony PlayStation 5',338,'drone');
INSERT INTO Electronica(IDElectronica,Nombre,PrecioAlmacenado,Marca,Descripcion,ConsumoElectrico,Categoria) VALUES (126,'Aire acondicionado',2212,'Corsair','Wireless Earbuds Apple AirPods Pro',893,'laptop');
INSERT INTO Electronica(IDElectronica,Nombre,PrecioAlmacenado,Marca,Descripcion,ConsumoElectrico,Categoria) VALUES (127,'Cámara de vigilancia',447,'Apple MacBook','Gaming Console Sony PlayStation 5',638,'altavoz inteligente');
INSERT INTO Electronica(IDElectronica,Nombre,PrecioAlmacenado,Marca,Descripcion,ConsumoElectrico,Categoria) VALUES (128,'Cámara deportiva',951,'Xiaomi Redmi','Tablet Apple iPad Pro',521,'consola de videojuegos');
INSERT INTO Electronica(IDElectronica,Nombre,PrecioAlmacenado,Marca,Descripcion,ConsumoElectrico,Categoria) VALUES (129,'Horno eléctrico',1288,'Frigidaire','Laptop HP Pavilion x360',912,'smartphone');
INSERT INTO Electronica(IDElectronica,Nombre,PrecioAlmacenado,Marca,Descripcion,ConsumoElectrico,Categoria) VALUES (130,'Control remoto',2004,'Acer','Wireless Earbuds Apple AirPods Pro',320,'smartwatch');
INSERT INTO Electronica(IDElectronica,Nombre,PrecioAlmacenado,Marca,Descripcion,ConsumoElectrico,Categoria) VALUES (131,'Funda para smartphone',528,'Toshiba','Desktop Computer Dell XPS Tower',996,'consola de videojuegos');
INSERT INTO Electronica(IDElectronica,Nombre,PrecioAlmacenado,Marca,Descripcion,ConsumoElectrico,Categoria) VALUES (132,'Secador de pelo',1216,'Sharp','Gaming Console Sony PlayStation 5',193,'desktop');
INSERT INTO Electronica(IDElectronica,Nombre,PrecioAlmacenado,Marca,Descripcion,ConsumoElectrico,Categoria) VALUES (133,'Home Theater',2502,'Apple iPhone','Gaming Console Sony PlayStation 5',495,'laptop');
INSERT INTO Electronica(IDElectronica,Nombre,PrecioAlmacenado,Marca,Descripcion,ConsumoElectrico,Categoria) VALUES (134,'Radio reloj',1725,'Fujifilm','Gaming Console Sony PlayStation 5',689,'desktop');
INSERT INTO Electronica(IDElectronica,Nombre,PrecioAlmacenado,Marca,Descripcion,ConsumoElectrico,Categoria) VALUES (135,'Videocámara deportiva',722,'Nikon','Headphones Sony WH-1000XM4',112,'desktop');
INSERT INTO Electronica(IDElectronica,Nombre,PrecioAlmacenado,Marca,Descripcion,ConsumoElectrico,Categoria) VALUES (136,'Impresora',2972,'Olympus','Headphones Sony WH-1000XM4',785,'altavoz inteligente');
INSERT INTO Electronica(IDElectronica,Nombre,PrecioAlmacenado,Marca,Descripcion,ConsumoElectrico,Categoria) VALUES (137,'Cámara de acción',2413,'D-Link','Smartwatch Apple Watch Series 6',503,'tablet');
INSERT INTO Electronica(IDElectronica,Nombre,PrecioAlmacenado,Marca,Descripcion,ConsumoElectrico,Categoria) VALUES (138,'Báscula digital',2165,'Motorola','Smart TV LG OLED CX',377,'tablet');
INSERT INTO Electronica(IDElectronica,Nombre,PrecioAlmacenado,Marca,Descripcion,ConsumoElectrico,Categoria) VALUES (139,'Cámara digital',325,'Logitech','Desktop Computer Dell XPS Tower',503,'laptop');
INSERT INTO Electronica(IDElectronica,Nombre,PrecioAlmacenado,Marca,Descripcion,ConsumoElectrico,Categoria) VALUES (140,'Altavoces',1416,'Apple MacBook','Smart TV LG OLED CX',803,'desktop');
INSERT INTO Electronica(IDElectronica,Nombre,PrecioAlmacenado,Marca,Descripcion,ConsumoElectrico,Categoria) VALUES (141,'Aspiradora robot',1390,'Epson','Smartwatch Apple Watch Series 6',722,'drone');
INSERT INTO Electronica(IDElectronica,Nombre,PrecioAlmacenado,Marca,Descripcion,ConsumoElectrico,Categoria) VALUES (142,'Control remoto',2721,'Duracell','Smartwatch Apple Watch Series 6',100,'tablet');
INSERT INTO Electronica(IDElectronica,Nombre,PrecioAlmacenado,Marca,Descripcion,ConsumoElectrico,Categoria) VALUES (143,'Monitor',904,'Whirlpool','Laptop HP Pavilion x360',148,'desktop');
INSERT INTO Electronica(IDElectronica,Nombre,PrecioAlmacenado,Marca,Descripcion,ConsumoElectrico,Categoria) VALUES (144,'Báscula digital',2177,'Apple MacBook','Smart TV LG OLED CX',251,'altavoz inteligente');
INSERT INTO Electronica(IDElectronica,Nombre,PrecioAlmacenado,Marca,Descripcion,ConsumoElectrico,Categoria) VALUES (145,'Adaptador Bluetooth',1540,'Apple iPhone','Headphones Sony WH-1000XM4',800,'televisor');
INSERT INTO Electronica(IDElectronica,Nombre,PrecioAlmacenado,Marca,Descripcion,ConsumoElectrico,Categoria) VALUES (146,'Funda para tablet',2778,'Vivo','Laptop HP Pavilion x360',579,'tablet');
INSERT INTO Electronica(IDElectronica,Nombre,PrecioAlmacenado,Marca,Descripcion,ConsumoElectrico,Categoria) VALUES (147,'Tablet',1783,'Belkin','Laptop HP Pavilion x360',472,'smartphone');
INSERT INTO Electronica(IDElectronica,Nombre,PrecioAlmacenado,Marca,Descripcion,ConsumoElectrico,Categoria) VALUES (148,'Radio reloj',2845,'Corsair','Headphones Sony WH-1000XM4',951,'televisor');
INSERT INTO Electronica(IDElectronica,Nombre,PrecioAlmacenado,Marca,Descripcion,ConsumoElectrico,Categoria) VALUES (149,'Escáner',2865,'Sony Xperia','Tablet Apple iPad Pro',273,'desktop');
INSERT INTO Electronica(IDElectronica,Nombre,PrecioAlmacenado,Marca,Descripcion,ConsumoElectrico,Categoria) VALUES (150,'Estabilizador de imagen',702,'Lenovo ThinkPad','Gaming Console Sony PlayStation 5',763,'tablet');

-- Población de la tabla Pago
INSERT INTO Pago(IDPago,Monto,EsCredito,EsEfectivo,EsDebito) VALUES (175,758,false,false,false);
INSERT INTO Pago(IDPago,Monto,EsCredito,EsEfectivo,EsDebito) VALUES (176,5566,false,true,true);
INSERT INTO Pago(IDPago,Monto,EsCredito,EsEfectivo,EsDebito) VALUES (177,7131,false,false,true);
INSERT INTO Pago(IDPago,Monto,EsCredito,EsEfectivo,EsDebito) VALUES (178,6646,true,true,true);
INSERT INTO Pago(IDPago,Monto,EsCredito,EsEfectivo,EsDebito) VALUES (179,5791,true,false,true);
INSERT INTO Pago(IDPago,Monto,EsCredito,EsEfectivo,EsDebito) VALUES (180,7064,true,false,false);
INSERT INTO Pago(IDPago,Monto,EsCredito,EsEfectivo,EsDebito) VALUES (181,3219,false,true,true);
INSERT INTO Pago(IDPago,Monto,EsCredito,EsEfectivo,EsDebito) VALUES (182,7107,true,true,true);
INSERT INTO Pago(IDPago,Monto,EsCredito,EsEfectivo,EsDebito) VALUES (183,5769,true,false,false);
INSERT INTO Pago(IDPago,Monto,EsCredito,EsEfectivo,EsDebito) VALUES (184,9662,false,false,true);
INSERT INTO Pago(IDPago,Monto,EsCredito,EsEfectivo,EsDebito) VALUES (185,524,true,false,false);
INSERT INTO Pago(IDPago,Monto,EsCredito,EsEfectivo,EsDebito) VALUES (186,5908,false,false,false);
INSERT INTO Pago(IDPago,Monto,EsCredito,EsEfectivo,EsDebito) VALUES (187,6720,false,true,true);
INSERT INTO Pago(IDPago,Monto,EsCredito,EsEfectivo,EsDebito) VALUES (188,5572,false,true,true);
INSERT INTO Pago(IDPago,Monto,EsCredito,EsEfectivo,EsDebito) VALUES (189,2574,true,true,false);
INSERT INTO Pago(IDPago,Monto,EsCredito,EsEfectivo,EsDebito) VALUES (190,6510,true,false,true);
INSERT INTO Pago(IDPago,Monto,EsCredito,EsEfectivo,EsDebito) VALUES (191,4356,false,false,true);
INSERT INTO Pago(IDPago,Monto,EsCredito,EsEfectivo,EsDebito) VALUES (192,8783,true,true,true);
INSERT INTO Pago(IDPago,Monto,EsCredito,EsEfectivo,EsDebito) VALUES (193,9405,true,true,true);
INSERT INTO Pago(IDPago,Monto,EsCredito,EsEfectivo,EsDebito) VALUES (194,9055,false,false,false);
INSERT INTO Pago(IDPago,Monto,EsCredito,EsEfectivo,EsDebito) VALUES (195,7925,true,true,false);
INSERT INTO Pago(IDPago,Monto,EsCredito,EsEfectivo,EsDebito) VALUES (196,1209,true,false,false);
INSERT INTO Pago(IDPago,Monto,EsCredito,EsEfectivo,EsDebito) VALUES (197,2939,true,true,false);
INSERT INTO Pago(IDPago,Monto,EsCredito,EsEfectivo,EsDebito) VALUES (198,8975,false,false,false);
INSERT INTO Pago(IDPago,Monto,EsCredito,EsEfectivo,EsDebito) VALUES (199,2089,false,false,true);
INSERT INTO Pago(IDPago,Monto,EsCredito,EsEfectivo,EsDebito) VALUES (200,8691,true,true,true);
INSERT INTO Pago(IDPago,Monto,EsCredito,EsEfectivo,EsDebito) VALUES (201,3055,true,true,false);
INSERT INTO Pago(IDPago,Monto,EsCredito,EsEfectivo,EsDebito) VALUES (202,4173,true,false,false);
INSERT INTO Pago(IDPago,Monto,EsCredito,EsEfectivo,EsDebito) VALUES (203,4780,true,false,true);
INSERT INTO Pago(IDPago,Monto,EsCredito,EsEfectivo,EsDebito) VALUES (204,2279,true,false,false);
INSERT INTO Pago(IDPago,Monto,EsCredito,EsEfectivo,EsDebito) VALUES (205,8376,true,false,true);
INSERT INTO Pago(IDPago,Monto,EsCredito,EsEfectivo,EsDebito) VALUES (206,3816,false,false,false);
INSERT INTO Pago(IDPago,Monto,EsCredito,EsEfectivo,EsDebito) VALUES (207,7617,false,false,false);
INSERT INTO Pago(IDPago,Monto,EsCredito,EsEfectivo,EsDebito) VALUES (208,6937,true,true,true);
INSERT INTO Pago(IDPago,Monto,EsCredito,EsEfectivo,EsDebito) VALUES (209,7102,true,true,true);
INSERT INTO Pago(IDPago,Monto,EsCredito,EsEfectivo,EsDebito) VALUES (210,2192,true,true,false);
INSERT INTO Pago(IDPago,Monto,EsCredito,EsEfectivo,EsDebito) VALUES (211,4808,false,false,false);
INSERT INTO Pago(IDPago,Monto,EsCredito,EsEfectivo,EsDebito) VALUES (212,528,false,false,true);
INSERT INTO Pago(IDPago,Monto,EsCredito,EsEfectivo,EsDebito) VALUES (213,6194,false,false,true);
INSERT INTO Pago(IDPago,Monto,EsCredito,EsEfectivo,EsDebito) VALUES (214,4109,false,true,true);
INSERT INTO Pago(IDPago,Monto,EsCredito,EsEfectivo,EsDebito) VALUES (215,6403,true,true,false);
INSERT INTO Pago(IDPago,Monto,EsCredito,EsEfectivo,EsDebito) VALUES (216,1207,false,true,true);
INSERT INTO Pago(IDPago,Monto,EsCredito,EsEfectivo,EsDebito) VALUES (217,4814,true,true,false);
INSERT INTO Pago(IDPago,Monto,EsCredito,EsEfectivo,EsDebito) VALUES (218,3433,false,true,true);
INSERT INTO Pago(IDPago,Monto,EsCredito,EsEfectivo,EsDebito) VALUES (219,6468,false,true,true);
INSERT INTO Pago(IDPago,Monto,EsCredito,EsEfectivo,EsDebito) VALUES (220,6727,true,false,true);
INSERT INTO Pago(IDPago,Monto,EsCredito,EsEfectivo,EsDebito) VALUES (221,5197,true,true,false);
INSERT INTO Pago(IDPago,Monto,EsCredito,EsEfectivo,EsDebito) VALUES (222,2970,false,true,true);
INSERT INTO Pago(IDPago,Monto,EsCredito,EsEfectivo,EsDebito) VALUES (223,4790,false,false,false);
INSERT INTO Pago(IDPago,Monto,EsCredito,EsEfectivo,EsDebito) VALUES (224,2468,false,false,false);

-- Población de la tabla ListaProducto
INSERT INTO ListaProducto(IDLista,PrecioProducto) VALUES (151,337);
INSERT INTO ListaProducto(IDLista,PrecioProducto) VALUES (152,1610);
INSERT INTO ListaProducto(IDLista,PrecioProducto) VALUES (153,1833);
INSERT INTO ListaProducto(IDLista,PrecioProducto) VALUES (154,880);
INSERT INTO ListaProducto(IDLista,PrecioProducto) VALUES (155,1508);
INSERT INTO ListaProducto(IDLista,PrecioProducto) VALUES (156,170);
INSERT INTO ListaProducto(IDLista,PrecioProducto) VALUES (157,2959);
INSERT INTO ListaProducto(IDLista,PrecioProducto) VALUES (158,1561);
INSERT INTO ListaProducto(IDLista,PrecioProducto) VALUES (159,1176);
INSERT INTO ListaProducto(IDLista,PrecioProducto) VALUES (160,1465);
INSERT INTO ListaProducto(IDLista,PrecioProducto) VALUES (161,2067);
INSERT INTO ListaProducto(IDLista,PrecioProducto) VALUES (162,1833);
INSERT INTO ListaProducto(IDLista,PrecioProducto) VALUES (163,1177);
INSERT INTO ListaProducto(IDLista,PrecioProducto) VALUES (164,886);
INSERT INTO ListaProducto(IDLista,PrecioProducto) VALUES (165,1556);
INSERT INTO ListaProducto(IDLista,PrecioProducto) VALUES (166,2775);
INSERT INTO ListaProducto(IDLista,PrecioProducto) VALUES (167,2817);
INSERT INTO ListaProducto(IDLista,PrecioProducto) VALUES (168,1172);
INSERT INTO ListaProducto(IDLista,PrecioProducto) VALUES (169,2005);
INSERT INTO ListaProducto(IDLista,PrecioProducto) VALUES (170,1571);
INSERT INTO ListaProducto(IDLista,PrecioProducto) VALUES (171,509);
INSERT INTO ListaProducto(IDLista,PrecioProducto) VALUES (172,2125);
INSERT INTO ListaProducto(IDLista,PrecioProducto) VALUES (173,1562);
INSERT INTO ListaProducto(IDLista,PrecioProducto) VALUES (174,1524);
INSERT INTO ListaProducto(IDLista,PrecioProducto) VALUES (175,1845);
INSERT INTO ListaProducto(IDLista,PrecioProducto) VALUES (176,2679);
INSERT INTO ListaProducto(IDLista,PrecioProducto) VALUES (177,1355);
INSERT INTO ListaProducto(IDLista,PrecioProducto) VALUES (178,2808);
INSERT INTO ListaProducto(IDLista,PrecioProducto) VALUES (179,2300);
INSERT INTO ListaProducto(IDLista,PrecioProducto) VALUES (180,545);
INSERT INTO ListaProducto(IDLista,PrecioProducto) VALUES (181,77);
INSERT INTO ListaProducto(IDLista,PrecioProducto) VALUES (182,2370);
INSERT INTO ListaProducto(IDLista,PrecioProducto) VALUES (183,1867);
INSERT INTO ListaProducto(IDLista,PrecioProducto) VALUES (184,2872);
INSERT INTO ListaProducto(IDLista,PrecioProducto) VALUES (185,596);
INSERT INTO ListaProducto(IDLista,PrecioProducto) VALUES (186,1027);
INSERT INTO ListaProducto(IDLista,PrecioProducto) VALUES (187,2552);
INSERT INTO ListaProducto(IDLista,PrecioProducto) VALUES (188,2385);
INSERT INTO ListaProducto(IDLista,PrecioProducto) VALUES (189,2805);
INSERT INTO ListaProducto(IDLista,PrecioProducto) VALUES (190,2910);
INSERT INTO ListaProducto(IDLista,PrecioProducto) VALUES (191,1137);
INSERT INTO ListaProducto(IDLista,PrecioProducto) VALUES (192,1976);
INSERT INTO ListaProducto(IDLista,PrecioProducto) VALUES (193,1019);
INSERT INTO ListaProducto(IDLista,PrecioProducto) VALUES (194,2607);
INSERT INTO ListaProducto(IDLista,PrecioProducto) VALUES (195,696);
INSERT INTO ListaProducto(IDLista,PrecioProducto) VALUES (196,135);
INSERT INTO ListaProducto(IDLista,PrecioProducto) VALUES (197,2828);
INSERT INTO ListaProducto(IDLista,PrecioProducto) VALUES (198,2404);
INSERT INTO ListaProducto(IDLista,PrecioProducto) VALUES (199,1247);
INSERT INTO ListaProducto(IDLista,PrecioProducto) VALUES (200,511);

-- Población de la tabla Inventario
INSERT INTO Inventario(IDInventario,TotalInventario) VALUES (201,340);
INSERT INTO Inventario(IDInventario,TotalInventario) VALUES (202,406);
INSERT INTO Inventario(IDInventario,TotalInventario) VALUES (203,154);
INSERT INTO Inventario(IDInventario,TotalInventario) VALUES (204,104);
INSERT INTO Inventario(IDInventario,TotalInventario) VALUES (205,111);
INSERT INTO Inventario(IDInventario,TotalInventario) VALUES (206,722);
INSERT INTO Inventario(IDInventario,TotalInventario) VALUES (207,101);
INSERT INTO Inventario(IDInventario,TotalInventario) VALUES (208,322);
INSERT INTO Inventario(IDInventario,TotalInventario) VALUES (209,802);
INSERT INTO Inventario(IDInventario,TotalInventario) VALUES (210,270);
INSERT INTO Inventario(IDInventario,TotalInventario) VALUES (211,834);
INSERT INTO Inventario(IDInventario,TotalInventario) VALUES (212,250);
INSERT INTO Inventario(IDInventario,TotalInventario) VALUES (213,147);
INSERT INTO Inventario(IDInventario,TotalInventario) VALUES (214,469);
INSERT INTO Inventario(IDInventario,TotalInventario) VALUES (215,417);
INSERT INTO Inventario(IDInventario,TotalInventario) VALUES (216,813);
INSERT INTO Inventario(IDInventario,TotalInventario) VALUES (217,996);
INSERT INTO Inventario(IDInventario,TotalInventario) VALUES (218,635);
INSERT INTO Inventario(IDInventario,TotalInventario) VALUES (219,688);
INSERT INTO Inventario(IDInventario,TotalInventario) VALUES (220,202);
INSERT INTO Inventario(IDInventario,TotalInventario) VALUES (221,105);
INSERT INTO Inventario(IDInventario,TotalInventario) VALUES (222,446);
INSERT INTO Inventario(IDInventario,TotalInventario) VALUES (223,101);
INSERT INTO Inventario(IDInventario,TotalInventario) VALUES (224,658);
INSERT INTO Inventario(IDInventario,TotalInventario) VALUES (225,992);
INSERT INTO Inventario(IDInventario,TotalInventario) VALUES (226,955);
INSERT INTO Inventario(IDInventario,TotalInventario) VALUES (227,615);
INSERT INTO Inventario(IDInventario,TotalInventario) VALUES (228,70);
INSERT INTO Inventario(IDInventario,TotalInventario) VALUES (229,140);
INSERT INTO Inventario(IDInventario,TotalInventario) VALUES (230,528);
INSERT INTO Inventario(IDInventario,TotalInventario) VALUES (231,31);
INSERT INTO Inventario(IDInventario,TotalInventario) VALUES (232,63);
INSERT INTO Inventario(IDInventario,TotalInventario) VALUES (233,905);
INSERT INTO Inventario(IDInventario,TotalInventario) VALUES (234,336);
INSERT INTO Inventario(IDInventario,TotalInventario) VALUES (235,621);
INSERT INTO Inventario(IDInventario,TotalInventario) VALUES (236,266);
INSERT INTO Inventario(IDInventario,TotalInventario) VALUES (237,430);
INSERT INTO Inventario(IDInventario,TotalInventario) VALUES (238,163);
INSERT INTO Inventario(IDInventario,TotalInventario) VALUES (239,475);
INSERT INTO Inventario(IDInventario,TotalInventario) VALUES (240,444);
INSERT INTO Inventario(IDInventario,TotalInventario) VALUES (241,274);
INSERT INTO Inventario(IDInventario,TotalInventario) VALUES (242,582);
INSERT INTO Inventario(IDInventario,TotalInventario) VALUES (243,45);
INSERT INTO Inventario(IDInventario,TotalInventario) VALUES (244,182);
INSERT INTO Inventario(IDInventario,TotalInventario) VALUES (245,610);
INSERT INTO Inventario(IDInventario,TotalInventario) VALUES (246,791);
INSERT INTO Inventario(IDInventario,TotalInventario) VALUES (247,144);
INSERT INTO Inventario(IDInventario,TotalInventario) VALUES (248,516);
INSERT INTO Inventario(IDInventario,TotalInventario) VALUES (249,614);
INSERT INTO Inventario(IDInventario,TotalInventario) VALUES (250,740);

-- Población de la tabla Sucursal
INSERT INTO Sucursal(IDSucursal,Nombre,Calle,Numero,Alcaldia,CodigoPostal,DNI,NumCuentaBancaria,PaginaWeb,HoraApertura,HoraCierre,FechaApertura) VALUES (300,'Xochimilco','Cuauhtémoc',187,'Xochimilco',93204,'97945219U',43442040,'https://www.elgranabarrotero-200.com','7:28:48','22:35:16','1976-07-30');
INSERT INTO Sucursal(IDSucursal,Nombre,Calle,Numero,Alcaldia,CodigoPostal,DNI,NumCuentaBancaria,PaginaWeb,HoraApertura,HoraCierre,FechaApertura) VALUES (301,'Xochimilco','Constitución',285,'Xochimilco',18677,'78369629Y',46343646,'https://www.elgranabarrotero-200.com','6:25:38','22:19:47','1960-02-15');
INSERT INTO Sucursal(IDSucursal,Nombre,Calle,Numero,Alcaldia,CodigoPostal,DNI,NumCuentaBancaria,PaginaWeb,HoraApertura,HoraCierre,FechaApertura) VALUES (302,'Milpa Alta','Allende',20,'Milpa Alta',71512,'94961551N',23865564,'https://www.elgranabarrotero-200.com','7:50:22','22:32:07','1975-01-23');
INSERT INTO Sucursal(IDSucursal,Nombre,Calle,Numero,Alcaldia,CodigoPostal,DNI,NumCuentaBancaria,PaginaWeb,HoraApertura,HoraCierre,FechaApertura) VALUES (303,'La Magdalena Contreras','Tlalpan',171,'La Magdalena Contreras',83065,'02068498D',20936034,'https://www.elgranabarrotero-220.com','7:26:07','23:08:48','2019-04-09');
INSERT INTO Sucursal(IDSucursal,Nombre,Calle,Numero,Alcaldia,CodigoPostal,DNI,NumCuentaBancaria,PaginaWeb,HoraApertura,HoraCierre,FechaApertura) VALUES (304,'Álvaro Obregón','16 de Septiembre',37,'Álvaro Obregón',96291,'18271328F',72986613,'https://www.elgranabarrotero-020.com','7:45:24','23:04:40','1965-10-30');
INSERT INTO Sucursal(IDSucursal,Nombre,Calle,Numero,Alcaldia,CodigoPostal,DNI,NumCuentaBancaria,PaginaWeb,HoraApertura,HoraCierre,FechaApertura) VALUES (305,'Álvaro Obregón','Cuauhtémoc',285,'Álvaro Obregón',38057,'94158361Q',33807966,'https://www.elgranabarrotero-200.com','7:24:03','23:42:13','2018-11-08');
INSERT INTO Sucursal(IDSucursal,Nombre,Calle,Numero,Alcaldia,CodigoPostal,DNI,NumCuentaBancaria,PaginaWeb,HoraApertura,HoraCierre,FechaApertura) VALUES (306,'Milpa Alta','Constitución',75,'Milpa Alta',21463,'69293607W',41309246,'https://www.elgranabarrotero-002.com','7:06:43','23:11:39','1982-11-10');
INSERT INTO Sucursal(IDSucursal,Nombre,Calle,Numero,Alcaldia,CodigoPostal,DNI,NumCuentaBancaria,PaginaWeb,HoraApertura,HoraCierre,FechaApertura) VALUES (307,'Gustavo A. Madero','Morelos',291,'Gustavo A. Madero',11181,'00069167N',42945451,'https://www.elgranabarrotero-013.com','6:12:15','22:43:46','2015-02-09');
INSERT INTO Sucursal(IDSucursal,Nombre,Calle,Numero,Alcaldia,CodigoPostal,DNI,NumCuentaBancaria,PaginaWeb,HoraApertura,HoraCierre,FechaApertura) VALUES (308,'Tláhuac','Avenida México',159,'Tláhuac',47346,'47514124U',58802799,'https://www.elgranabarrotero-000.com','6:20:12','23:49:14','1956-03-13');
INSERT INTO Sucursal(IDSucursal,Nombre,Calle,Numero,Alcaldia,CodigoPostal,DNI,NumCuentaBancaria,PaginaWeb,HoraApertura,HoraCierre,FechaApertura) VALUES (309,'Tlalpan','Zaragoza',249,'Tlalpan',26267,'04934280M',17341919,'https://www.elgranabarrotero-100.com','6:44:25','23:16:54','1996-05-30');
INSERT INTO Sucursal(IDSucursal,Nombre,Calle,Numero,Alcaldia,CodigoPostal,DNI,NumCuentaBancaria,PaginaWeb,HoraApertura,HoraCierre,FechaApertura) VALUES (310,'Xochimilco','Insurgentes',164,'Xochimilco',80900,'95302332E',98320785,'https://www.elgranabarrotero-000.com','7:23:43','23:16:10','1949-02-19');
INSERT INTO Sucursal(IDSucursal,Nombre,Calle,Numero,Alcaldia,CodigoPostal,DNI,NumCuentaBancaria,PaginaWeb,HoraApertura,HoraCierre,FechaApertura) VALUES (311,'Cuauhtémoc','Cuauhtémoc',103,'Cuauhtémoc',25541,'01501655W',64049226,'https://www.elgranabarrotero-302.com','6:47:48','22:25:47','2001-10-25');
INSERT INTO Sucursal(IDSucursal,Nombre,Calle,Numero,Alcaldia,CodigoPostal,DNI,NumCuentaBancaria,PaginaWeb,HoraApertura,HoraCierre,FechaApertura) VALUES (312,'Gustavo A. Madero','Guerrero',293,'Gustavo A. Madero',44200,'12965821Y',22735396,'https://www.elgranabarrotero-020.com','7:53:37','22:41:24','1941-08-23');
INSERT INTO Sucursal(IDSucursal,Nombre,Calle,Numero,Alcaldia,CodigoPostal,DNI,NumCuentaBancaria,PaginaWeb,HoraApertura,HoraCierre,FechaApertura) VALUES (313,'Milpa Alta','Paseo de la Reforma',204,'Milpa Alta',64247,'05605735L',16699747,'https://www.elgranabarrotero-000.com','7:32:16','23:56:26','1937-01-22');
INSERT INTO Sucursal(IDSucursal,Nombre,Calle,Numero,Alcaldia,CodigoPostal,DNI,NumCuentaBancaria,PaginaWeb,HoraApertura,HoraCierre,FechaApertura) VALUES (314,'Tláhuac','Revolución',239,'Tláhuac',40079,'76292755Y',23207613,'https://www.elgranabarrotero-202.com','6:26:42','23:15:09','1978-07-03');
INSERT INTO Sucursal(IDSucursal,Nombre,Calle,Numero,Alcaldia,CodigoPostal,DNI,NumCuentaBancaria,PaginaWeb,HoraApertura,HoraCierre,FechaApertura) VALUES (315,'Xochimilco','5 de Mayo',199,'Xochimilco',53709,'82551702O',61754488,'https://www.elgranabarrotero-022.com','7:10:29','23:44:16','1931-11-21');
INSERT INTO Sucursal(IDSucursal,Nombre,Calle,Numero,Alcaldia,CodigoPostal,DNI,NumCuentaBancaria,PaginaWeb,HoraApertura,HoraCierre,FechaApertura) VALUES (316,'Xochimilco','Benito Juárez',66,'Xochimilco',87691,'82485984T',53688170,'https://www.elgranabarrotero-321.com','6:59:19','23:07:03','1981-01-12');
INSERT INTO Sucursal(IDSucursal,Nombre,Calle,Numero,Alcaldia,CodigoPostal,DNI,NumCuentaBancaria,PaginaWeb,HoraApertura,HoraCierre,FechaApertura) VALUES (317,'Milpa Alta','Madero',89,'Milpa Alta',67816,'80613546P',28124902,'https://www.elgranabarrotero-002.com','7:23:22','22:28:57','1958-02-24');
INSERT INTO Sucursal(IDSucursal,Nombre,Calle,Numero,Alcaldia,CodigoPostal,DNI,NumCuentaBancaria,PaginaWeb,HoraApertura,HoraCierre,FechaApertura) VALUES (318,'Cuauhtémoc','Madero',41,'Cuauhtémoc',50248,'43952505N',78375612,'https://www.elgranabarrotero-000.com','6:31:37','22:36:12','1991-05-20');
INSERT INTO Sucursal(IDSucursal,Nombre,Calle,Numero,Alcaldia,CodigoPostal,DNI,NumCuentaBancaria,PaginaWeb,HoraApertura,HoraCierre,FechaApertura) VALUES (319,'Venustiano Carranza','5 de Mayo',135,'Venustiano Carranza',14536,'59853368R',88481671,'https://www.elgranabarrotero-120.com','7:06:54','22:27:22','1966-03-28');
INSERT INTO Sucursal(IDSucursal,Nombre,Calle,Numero,Alcaldia,CodigoPostal,DNI,NumCuentaBancaria,PaginaWeb,HoraApertura,HoraCierre,FechaApertura) VALUES (320,'Iztapalapa','Obregón',157,'Iztapalapa',83362,'04490644Z',53476848,'https://www.elgranabarrotero-222.com','6:21:58','23:45:11','1972-06-17');
INSERT INTO Sucursal(IDSucursal,Nombre,Calle,Numero,Alcaldia,CodigoPostal,DNI,NumCuentaBancaria,PaginaWeb,HoraApertura,HoraCierre,FechaApertura) VALUES (321,'Benito Juárez','Hidalgo',205,'Benito Juárez',36306,'84057159X',68475161,'https://www.elgranabarrotero-002.com','7:38:29','23:37:03','1999-12-24');
INSERT INTO Sucursal(IDSucursal,Nombre,Calle,Numero,Alcaldia,CodigoPostal,DNI,NumCuentaBancaria,PaginaWeb,HoraApertura,HoraCierre,FechaApertura) VALUES (322,'Gustavo A. Madero','Álvaro Obregón',128,'Gustavo A. Madero',75317,'29840134A',23826277,'https://www.elgranabarrotero-020.com','7:22:23','23:40:07','1991-10-16');
INSERT INTO Sucursal(IDSucursal,Nombre,Calle,Numero,Alcaldia,CodigoPostal,DNI,NumCuentaBancaria,PaginaWeb,HoraApertura,HoraCierre,FechaApertura) VALUES (323,'Iztacalco','Tlalpan',36,'Iztacalco',91835,'94505246K',51361527,'https://www.elgranabarrotero-220.com','7:20:39','22:48:54','1972-04-14');
INSERT INTO Sucursal(IDSucursal,Nombre,Calle,Numero,Alcaldia,CodigoPostal,DNI,NumCuentaBancaria,PaginaWeb,HoraApertura,HoraCierre,FechaApertura) VALUES (324,'Milpa Alta','Álvaro Obregón',204,'Milpa Alta',23043,'72537840C',19402460,'https://www.elgranabarrotero-203.com','6:48:54','22:53:36','1998-12-01');
INSERT INTO Sucursal(IDSucursal,Nombre,Calle,Numero,Alcaldia,CodigoPostal,DNI,NumCuentaBancaria,PaginaWeb,HoraApertura,HoraCierre,FechaApertura) VALUES (325,'Iztapalapa','Avenida México',83,'Iztapalapa',86694,'94773600W',54630033,'https://www.elgranabarrotero-000.com','6:11:39','23:07:50','2019-12-22');
INSERT INTO Sucursal(IDSucursal,Nombre,Calle,Numero,Alcaldia,CodigoPostal,DNI,NumCuentaBancaria,PaginaWeb,HoraApertura,HoraCierre,FechaApertura) VALUES (326,'Cuajimalpa de Morelos','Vicente Guerrero',160,'Cuajimalpa de Morelos',98843,'37790006H',50702674,'https://www.elgranabarrotero-000.com','6:50:18','22:21:30','1982-06-13');
INSERT INTO Sucursal(IDSucursal,Nombre,Calle,Numero,Alcaldia,CodigoPostal,DNI,NumCuentaBancaria,PaginaWeb,HoraApertura,HoraCierre,FechaApertura) VALUES (327,'La Magdalena Contreras','Independencia',222,'La Magdalena Contreras',51735,'47572834Q',18858169,'https://www.elgranabarrotero-001.com','6:44:28','22:48:19','2008-05-12');
INSERT INTO Sucursal(IDSucursal,Nombre,Calle,Numero,Alcaldia,CodigoPostal,DNI,NumCuentaBancaria,PaginaWeb,HoraApertura,HoraCierre,FechaApertura) VALUES (328,'Cuauhtémoc','Hidalgo',216,'Cuauhtémoc',77978,'26936031B',62938382,'https://www.elgranabarrotero-020.com','7:55:19','22:50:52','2021-04-11');
INSERT INTO Sucursal(IDSucursal,Nombre,Calle,Numero,Alcaldia,CodigoPostal,DNI,NumCuentaBancaria,PaginaWeb,HoraApertura,HoraCierre,FechaApertura) VALUES (329,'Cuauhtémoc','Benito Juárez',80,'Cuauhtémoc',16770,'74694240X',40301208,'https://www.elgranabarrotero-000.com','6:38:02','22:20:43','1940-06-04');
INSERT INTO Sucursal(IDSucursal,Nombre,Calle,Numero,Alcaldia,CodigoPostal,DNI,NumCuentaBancaria,PaginaWeb,HoraApertura,HoraCierre,FechaApertura) VALUES (330,'Xochimilco','Álvaro Obregón',81,'Xochimilco',49606,'33446909D',44820779,'https://www.elgranabarrotero-002.com','6:10:35','22:59:28','1949-08-25');
INSERT INTO Sucursal(IDSucursal,Nombre,Calle,Numero,Alcaldia,CodigoPostal,DNI,NumCuentaBancaria,PaginaWeb,HoraApertura,HoraCierre,FechaApertura) VALUES (331,'Cuajimalpa de Morelos','Benito Juárez',189,'Cuajimalpa de Morelos',84428,'79652198S',73775425,'https://www.elgranabarrotero-000.com','7:40:35','22:54:38','2003-11-25');
INSERT INTO Sucursal(IDSucursal,Nombre,Calle,Numero,Alcaldia,CodigoPostal,DNI,NumCuentaBancaria,PaginaWeb,HoraApertura,HoraCierre,FechaApertura) VALUES (332,'Milpa Alta','Cuauhtémoc',91,'Milpa Alta',86540,'66880552Z',79537043,'https://www.elgranabarrotero-000.com','6:23:22','23:58:45','2006-04-29');
INSERT INTO Sucursal(IDSucursal,Nombre,Calle,Numero,Alcaldia,CodigoPostal,DNI,NumCuentaBancaria,PaginaWeb,HoraApertura,HoraCierre,FechaApertura) VALUES (333,'Azcapotzalco','5 de Mayo',198,'Azcapotzalco',44633,'97414562F',89826318,'https://www.elgranabarrotero-222.com','6:33:31','23:36:26','1977-03-22');
INSERT INTO Sucursal(IDSucursal,Nombre,Calle,Numero,Alcaldia,CodigoPostal,DNI,NumCuentaBancaria,PaginaWeb,HoraApertura,HoraCierre,FechaApertura) VALUES (334,'Cuajimalpa de Morelos','Independencia',154,'Cuajimalpa de Morelos',78988,'10286527Z',35755871,'https://www.elgranabarrotero-200.com','7:57:59','22:03:01','1961-08-18');
INSERT INTO Sucursal(IDSucursal,Nombre,Calle,Numero,Alcaldia,CodigoPostal,DNI,NumCuentaBancaria,PaginaWeb,HoraApertura,HoraCierre,FechaApertura) VALUES (335,'Tlalpan','Reforma',220,'Tlalpan',27205,'06843629F',96892482,'https://www.elgranabarrotero-000.com','7:49:58','22:54:41','1977-03-30');
INSERT INTO Sucursal(IDSucursal,Nombre,Calle,Numero,Alcaldia,CodigoPostal,DNI,NumCuentaBancaria,PaginaWeb,HoraApertura,HoraCierre,FechaApertura) VALUES (336,'Tlalpan','Insurgentes',235,'Tlalpan',55063,'11885551U',82032724,'https://www.elgranabarrotero-000.com','6:17:31','22:37:46','2020-08-31');
INSERT INTO Sucursal(IDSucursal,Nombre,Calle,Numero,Alcaldia,CodigoPostal,DNI,NumCuentaBancaria,PaginaWeb,HoraApertura,HoraCierre,FechaApertura) VALUES (337,'Cuajimalpa de Morelos','Insurgentes',210,'Cuajimalpa de Morelos',22866,'74908247Q',37717214,'https://www.elgranabarrotero-022.com','6:21:44','22:56:33','2000-09-16');
INSERT INTO Sucursal(IDSucursal,Nombre,Calle,Numero,Alcaldia,CodigoPostal,DNI,NumCuentaBancaria,PaginaWeb,HoraApertura,HoraCierre,FechaApertura) VALUES (338,'Tláhuac','Obregón',232,'Tláhuac',83615,'58843190M',62475472,'https://www.elgranabarrotero-000.com','6:19:45','23:20:17','1935-01-06');
INSERT INTO Sucursal(IDSucursal,Nombre,Calle,Numero,Alcaldia,CodigoPostal,DNI,NumCuentaBancaria,PaginaWeb,HoraApertura,HoraCierre,FechaApertura) VALUES (339,'Gustavo A. Madero','5 de Mayo',268,'Gustavo A. Madero',75858,'47853984B',92775564,'https://www.elgranabarrotero-000.com','6:15:47','22:22:20','1933-08-02');
INSERT INTO Sucursal(IDSucursal,Nombre,Calle,Numero,Alcaldia,CodigoPostal,DNI,NumCuentaBancaria,PaginaWeb,HoraApertura,HoraCierre,FechaApertura) VALUES (340,'Iztapalapa','Paseo de la Reforma',66,'Iztapalapa',32713,'98123496P',39139340,'https://www.elgranabarrotero-000.com','7:57:58','22:54:18','1942-06-11');
INSERT INTO Sucursal(IDSucursal,Nombre,Calle,Numero,Alcaldia,CodigoPostal,DNI,NumCuentaBancaria,PaginaWeb,HoraApertura,HoraCierre,FechaApertura) VALUES (341,'Iztapalapa','Zaragoza',207,'Iztapalapa',37581,'00398647W',35386474,'https://www.elgranabarrotero-002.com','6:40:28','22:27:43','1974-12-20');
INSERT INTO Sucursal(IDSucursal,Nombre,Calle,Numero,Alcaldia,CodigoPostal,DNI,NumCuentaBancaria,PaginaWeb,HoraApertura,HoraCierre,FechaApertura) VALUES (342,'Álvaro Obregón','Independencia',141,'Álvaro Obregón',62221,'54721337A',35004774,'https://www.elgranabarrotero-330.com','6:39:23','23:46:48','1988-07-30');
INSERT INTO Sucursal(IDSucursal,Nombre,Calle,Numero,Alcaldia,CodigoPostal,DNI,NumCuentaBancaria,PaginaWeb,HoraApertura,HoraCierre,FechaApertura) VALUES (343,'Tláhuac','Morelos',21,'Tláhuac',90214,'69463241S',29317631,'https://www.elgranabarrotero-200.com','7:53:57','22:44:57','1965-01-07');
INSERT INTO Sucursal(IDSucursal,Nombre,Calle,Numero,Alcaldia,CodigoPostal,DNI,NumCuentaBancaria,PaginaWeb,HoraApertura,HoraCierre,FechaApertura) VALUES (344,'Cuauhtémoc','Nezahualcóyotl',37,'Cuauhtémoc',35994,'34625670D',98468311,'https://www.elgranabarrotero-030.com','7:02:52','22:36:28','1991-06-28');
INSERT INTO Sucursal(IDSucursal,Nombre,Calle,Numero,Alcaldia,CodigoPostal,DNI,NumCuentaBancaria,PaginaWeb,HoraApertura,HoraCierre,FechaApertura) VALUES (345,'Cuajimalpa de Morelos','Tlalpan',265,'Cuajimalpa de Morelos',95959,'30060472H',75432185,'https://www.elgranabarrotero-000.com','7:51:09','22:25:00','1956-04-11');
INSERT INTO Sucursal(IDSucursal,Nombre,Calle,Numero,Alcaldia,CodigoPostal,DNI,NumCuentaBancaria,PaginaWeb,HoraApertura,HoraCierre,FechaApertura) VALUES (346,'Tlalpan','López Mateos',284,'Tlalpan',60177,'22069657C',84936394,'https://www.elgranabarrotero-100.com','6:51:32','23:07:54','2016-03-26');
INSERT INTO Sucursal(IDSucursal,Nombre,Calle,Numero,Alcaldia,CodigoPostal,DNI,NumCuentaBancaria,PaginaWeb,HoraApertura,HoraCierre,FechaApertura) VALUES (347,'Milpa Alta','Avenida México',93,'Milpa Alta',80447,'72560217K',98550836,'https://www.elgranabarrotero-003.com','7:42:10','22:08:47','1962-09-18');
INSERT INTO Sucursal(IDSucursal,Nombre,Calle,Numero,Alcaldia,CodigoPostal,DNI,NumCuentaBancaria,PaginaWeb,HoraApertura,HoraCierre,FechaApertura) VALUES (348,'Tláhuac','Nezahualcóyotl',104,'Tláhuac',80364,'35739711Q',40619116,'https://www.elgranabarrotero-120.com','6:48:18','22:53:31','1969-01-04');
INSERT INTO Sucursal(IDSucursal,Nombre,Calle,Numero,Alcaldia,CodigoPostal,DNI,NumCuentaBancaria,PaginaWeb,HoraApertura,HoraCierre,FechaApertura) VALUES (349,'Azcapotzalco','Insurgentes',225,'Azcapotzalco',80423,'64752383V',89013270,'https://www.elgranabarrotero-202.com','7:51:41','23:50:09','1980-01-12');

-- Población de la tabla TelefonoSucursal
INSERT INTO TelefonoSucursal(IDSucursal,Telefono) VALUES (300,5549031993);
INSERT INTO TelefonoSucursal(IDSucursal,Telefono) VALUES (301,5586311880);
INSERT INTO TelefonoSucursal(IDSucursal,Telefono) VALUES (302,5582990340);
INSERT INTO TelefonoSucursal(IDSucursal,Telefono) VALUES (303,5503140156);
INSERT INTO TelefonoSucursal(IDSucursal,Telefono) VALUES (304,5580767841);
INSERT INTO TelefonoSucursal(IDSucursal,Telefono) VALUES (305,5525665376);
INSERT INTO TelefonoSucursal(IDSucursal,Telefono) VALUES (306,5572937820);
INSERT INTO TelefonoSucursal(IDSucursal,Telefono) VALUES (307,5502954691);
INSERT INTO TelefonoSucursal(IDSucursal,Telefono) VALUES (308,5518216363);
INSERT INTO TelefonoSucursal(IDSucursal,Telefono) VALUES (309,5567171156);
INSERT INTO TelefonoSucursal(IDSucursal,Telefono) VALUES (310,5549143957);
INSERT INTO TelefonoSucursal(IDSucursal,Telefono) VALUES (311,5587272927);
INSERT INTO TelefonoSucursal(IDSucursal,Telefono) VALUES (312,5549441866);
INSERT INTO TelefonoSucursal(IDSucursal,Telefono) VALUES (313,5535462254);
INSERT INTO TelefonoSucursal(IDSucursal,Telefono) VALUES (314,5598519869);
INSERT INTO TelefonoSucursal(IDSucursal,Telefono) VALUES (315,5516959776);
INSERT INTO TelefonoSucursal(IDSucursal,Telefono) VALUES (316,5561564344);
INSERT INTO TelefonoSucursal(IDSucursal,Telefono) VALUES (317,5522289852);
INSERT INTO TelefonoSucursal(IDSucursal,Telefono) VALUES (318,5571748764);
INSERT INTO TelefonoSucursal(IDSucursal,Telefono) VALUES (319,5579046173);
INSERT INTO TelefonoSucursal(IDSucursal,Telefono) VALUES (320,5596586201);
INSERT INTO TelefonoSucursal(IDSucursal,Telefono) VALUES (321,5547016955);
INSERT INTO TelefonoSucursal(IDSucursal,Telefono) VALUES (322,5524008133);
INSERT INTO TelefonoSucursal(IDSucursal,Telefono) VALUES (323,5501878460);
INSERT INTO TelefonoSucursal(IDSucursal,Telefono) VALUES (324,5535766921);
INSERT INTO TelefonoSucursal(IDSucursal,Telefono) VALUES (325,5518753200);
INSERT INTO TelefonoSucursal(IDSucursal,Telefono) VALUES (326,5596311701);
INSERT INTO TelefonoSucursal(IDSucursal,Telefono) VALUES (327,5564662609);
INSERT INTO TelefonoSucursal(IDSucursal,Telefono) VALUES (328,5514527912);
INSERT INTO TelefonoSucursal(IDSucursal,Telefono) VALUES (329,5541091994);
INSERT INTO TelefonoSucursal(IDSucursal,Telefono) VALUES (330,5512829584);
INSERT INTO TelefonoSucursal(IDSucursal,Telefono) VALUES (331,5594519655);
INSERT INTO TelefonoSucursal(IDSucursal,Telefono) VALUES (332,5538645678);
INSERT INTO TelefonoSucursal(IDSucursal,Telefono) VALUES (333,5512455357);
INSERT INTO TelefonoSucursal(IDSucursal,Telefono) VALUES (334,5520973592);
INSERT INTO TelefonoSucursal(IDSucursal,Telefono) VALUES (335,5573041686);
INSERT INTO TelefonoSucursal(IDSucursal,Telefono) VALUES (336,5551946783);
INSERT INTO TelefonoSucursal(IDSucursal,Telefono) VALUES (337,5536559001);
INSERT INTO TelefonoSucursal(IDSucursal,Telefono) VALUES (338,5583091027);
INSERT INTO TelefonoSucursal(IDSucursal,Telefono) VALUES (339,5542277558);
INSERT INTO TelefonoSucursal(IDSucursal,Telefono) VALUES (340,5594442345);
INSERT INTO TelefonoSucursal(IDSucursal,Telefono) VALUES (341,5509654226);
INSERT INTO TelefonoSucursal(IDSucursal,Telefono) VALUES (342,5523627269);
INSERT INTO TelefonoSucursal(IDSucursal,Telefono) VALUES (343,5530851968);
INSERT INTO TelefonoSucursal(IDSucursal,Telefono) VALUES (344,5577064933);
INSERT INTO TelefonoSucursal(IDSucursal,Telefono) VALUES (345,5599142387);
INSERT INTO TelefonoSucursal(IDSucursal,Telefono) VALUES (346,5596254920);
INSERT INTO TelefonoSucursal(IDSucursal,Telefono) VALUES (347,5534448474);
INSERT INTO TelefonoSucursal(IDSucursal,Telefono) VALUES (348,5527438264);
INSERT INTO TelefonoSucursal(IDSucursal,Telefono) VALUES (349,5533042523);

-- Población de la tabla Cajero
INSERT INTO Cajero(CURPCajero,IDSucursal,Nombre,ApellidoP,ApellidoM,Calle,Numero,Alcaldia,CodigoPostal,FechaNacimiento,DNI,NSS,Sueldo,NumDiasVacaciones,FechaIngreso) VALUES ('VIOX223362LDGERMV1',300,'Yair','Bautista','Córdova','Morelos',153,'Xochimilco',53039,'1984-08-17','19627676E',76026649543,11165.85,5,'2016-08-12');
INSERT INTO Cajero(CURPCajero,IDSucursal,Nombre,ApellidoP,ApellidoM,Calle,Numero,Alcaldia,CodigoPostal,FechaNacimiento,DNI,NSS,Sueldo,NumDiasVacaciones,FechaIngreso) VALUES ('WLGE467268VUSUCZP6',301,'Alicia','Torres','Silva','5 de Mayo',3,'Benito Juárez',45625,'1996-07-01','07161978J',12204090229,8013.27,10,'2004-07-23');
INSERT INTO Cajero(CURPCajero,IDSucursal,Nombre,ApellidoP,ApellidoM,Calle,Numero,Alcaldia,CodigoPostal,FechaNacimiento,DNI,NSS,Sueldo,NumDiasVacaciones,FechaIngreso) VALUES ('ADKM776363SECKFQO4',302,'Jazmín','Beltrán','Olvera','Insurgentes',890,'Venustiano Carranza',83450,'1985-05-20','70850253G',45987567344,7165.23,7,'2002-01-19');
INSERT INTO Cajero(CURPCajero,IDSucursal,Nombre,ApellidoP,ApellidoM,Calle,Numero,Alcaldia,CodigoPostal,FechaNacimiento,DNI,NSS,Sueldo,NumDiasVacaciones,FechaIngreso) VALUES ('TGKV197424EPISOUX9',303,'Karla','Guzmán','Osorio','Cuauhtémoc',23,'Cuauhtémoc',69518,'1982-10-17','47632159X',38395557614,4186.87,3,'2007-06-17');
INSERT INTO Cajero(CURPCajero,IDSucursal,Nombre,ApellidoP,ApellidoM,Calle,Numero,Alcaldia,CodigoPostal,FechaNacimiento,DNI,NSS,Sueldo,NumDiasVacaciones,FechaIngreso) VALUES ('ZXLW274580XGSGQTA7',304,'Jesús','Esparza','Esparza','Morelos',5,'Tláhuac',11422,'2000-10-27','19685869B',38379379803,8281.30,4,'2000-09-08');
INSERT INTO Cajero(CURPCajero,IDSucursal,Nombre,ApellidoP,ApellidoM,Calle,Numero,Alcaldia,CodigoPostal,FechaNacimiento,DNI,NSS,Sueldo,NumDiasVacaciones,FechaIngreso) VALUES ('FNSS610081YAOLUYH7',305,'Guillermo','Peña','Silva','Hidalgo',66,'Venustiano Carranza',39283,'1998-08-20','15028730G',79669043084,13423.46,5,'2017-07-21');
INSERT INTO Cajero(CURPCajero,IDSucursal,Nombre,ApellidoP,ApellidoM,Calle,Numero,Alcaldia,CodigoPostal,FechaNacimiento,DNI,NSS,Sueldo,NumDiasVacaciones,FechaIngreso) VALUES ('CVLZ728901SXZPFJJ6',306,'Zaid','Montes','Nava','Miguel Hidalgo',11942,'Miguel Hidalgo',45585,'2007-03-26','36301330G',14964265884,14236.74,8,'2018-11-03');
INSERT INTO Cajero(CURPCajero,IDSucursal,Nombre,ApellidoP,ApellidoM,Calle,Numero,Alcaldia,CodigoPostal,FechaNacimiento,DNI,NSS,Sueldo,NumDiasVacaciones,FechaIngreso) VALUES ('KXRH743198EGAIJLM8',307,'Lorena','Aguilar','López','López Mateos',07,'Azcapotzalco',42699,'1994-01-15','50226586R',49803038479,16692.45,11,'2008-02-04');
INSERT INTO Cajero(CURPCajero,IDSucursal,Nombre,ApellidoP,ApellidoM,Calle,Numero,Alcaldia,CodigoPostal,FechaNacimiento,DNI,NSS,Sueldo,NumDiasVacaciones,FechaIngreso) VALUES ('OMFU386487DFNFNGS5',308,'Bernardo','Santillán','Esquivel','Palmas',64181,'Coyoacán',13620,'1995-12-04','74980292I',21768785949,13342.83,7,'2018-11-29');
INSERT INTO Cajero(CURPCajero,IDSucursal,Nombre,ApellidoP,ApellidoM,Calle,Numero,Alcaldia,CodigoPostal,FechaNacimiento,DNI,NSS,Sueldo,NumDiasVacaciones,FechaIngreso) VALUES ('CXCB834550LVTOPPM0',309,'Andrés','Sepúlveda','Meza','Zaragoza',4,'Benito Juárez',67771,'1985-09-26','04982523F',95874637531,16502.43,8,'2011-04-07');
INSERT INTO Cajero(CURPCajero,IDSucursal,Nombre,ApellidoP,ApellidoM,Calle,Numero,Alcaldia,CodigoPostal,FechaNacimiento,DNI,NSS,Sueldo,NumDiasVacaciones,FechaIngreso) VALUES ('MZYC884137LAXFSKU5',310,'Gilberto','Briones','Guzmán','Morelos',97,'Xochimilco',13989,'2003-10-21','35152760M',30632405930,10484.94,12,'2014-08-30');
INSERT INTO Cajero(CURPCajero,IDSucursal,Nombre,ApellidoP,ApellidoM,Calle,Numero,Alcaldia,CodigoPostal,FechaNacimiento,DNI,NSS,Sueldo,NumDiasVacaciones,FechaIngreso) VALUES ('SVHM068187FCGYPPT0',311,'Bernardo','Méndez','Delgado','Hidalgo',01777,'Azcapotzalco',75852,'1998-02-06','56568343U',86347675439,4937.41,6,'2001-10-16');
INSERT INTO Cajero(CURPCajero,IDSucursal,Nombre,ApellidoP,ApellidoM,Calle,Numero,Alcaldia,CodigoPostal,FechaNacimiento,DNI,NSS,Sueldo,NumDiasVacaciones,FechaIngreso) VALUES ('HTWK941730PUYBTCG5',312,'Eduardo','Caballero','Montes','Miguel Hidalgo',713,'Iztacalco',87391,'2007-01-29','97042703W',38875070837,6818.20,4,'2004-03-17');
INSERT INTO Cajero(CURPCajero,IDSucursal,Nombre,ApellidoP,ApellidoM,Calle,Numero,Alcaldia,CodigoPostal,FechaNacimiento,DNI,NSS,Sueldo,NumDiasVacaciones,FechaIngreso) VALUES ('XIGO444507VLGVYVH7',313,'Claudia','Flores','Hernández','Avenida México',4682,'Azcapotzalco',30732,'1996-11-09','45648103F',16157390714,11616.71,7,'2018-07-13');
INSERT INTO Cajero(CURPCajero,IDSucursal,Nombre,ApellidoP,ApellidoM,Calle,Numero,Alcaldia,CodigoPostal,FechaNacimiento,DNI,NSS,Sueldo,NumDiasVacaciones,FechaIngreso) VALUES ('DUYO935749SBGVEMQ6',314,'Daniela','López','Ortega','Constitución',38,'La Magdalena Contreras',28378,'1983-11-04','87059130E',67345960146,12629.64,5,'2000-10-09');
INSERT INTO Cajero(CURPCajero,IDSucursal,Nombre,ApellidoP,ApellidoM,Calle,Numero,Alcaldia,CodigoPostal,FechaNacimiento,DNI,NSS,Sueldo,NumDiasVacaciones,FechaIngreso) VALUES ('IZLF414992TMDOMKA7',315,'Marisol','Esquivel','Mendoza','Venustiano Carranza',36,'Coyoacán',92711,'1989-04-18','30120184N',81794744911,6393.07,8,'2005-01-22');
INSERT INTO Cajero(CURPCajero,IDSucursal,Nombre,ApellidoP,ApellidoM,Calle,Numero,Alcaldia,CodigoPostal,FechaNacimiento,DNI,NSS,Sueldo,NumDiasVacaciones,FechaIngreso) VALUES ('UMGF751610CTHLPRZ0',316,'Eduardo','Meza','Herrera','Miguel Hidalgo',1697,'Coyoacán',83877,'2007-07-23','19247650K',91163063490,7511.87,9,'2013-08-22');
INSERT INTO Cajero(CURPCajero,IDSucursal,Nombre,ApellidoP,ApellidoM,Calle,Numero,Alcaldia,CodigoPostal,FechaNacimiento,DNI,NSS,Sueldo,NumDiasVacaciones,FechaIngreso) VALUES ('VGJO910745FTCWTPN0',317,'Antonio','Pineda','Martínez','Reforma',99085,'Iztapalapa',26378,'1984-05-29','03742486J',27875192080,11181.61,11,'2005-09-29');
INSERT INTO Cajero(CURPCajero,IDSucursal,Nombre,ApellidoP,ApellidoM,Calle,Numero,Alcaldia,CodigoPostal,FechaNacimiento,DNI,NSS,Sueldo,NumDiasVacaciones,FechaIngreso) VALUES ('YFAT425212OEKEIHT7',318,'Emma','Cárdenas','Figueroa','Cuauhtémoc',62,'Benito Juárez',89261,'2009-12-17','59554535A',55874224610,9416.89,10,'2015-12-24');
INSERT INTO Cajero(CURPCajero,IDSucursal,Nombre,ApellidoP,ApellidoM,Calle,Numero,Alcaldia,CodigoPostal,FechaNacimiento,DNI,NSS,Sueldo,NumDiasVacaciones,FechaIngreso) VALUES ('YSLW911726JWNNDNT0',319,'Abraham','Pineda','Vázquez','Benito Juárez',815,'Miguel Hidalgo',23187,'1999-01-18','98731833Q',49140048361,4892.22,10,'2008-11-03');
INSERT INTO Cajero(CURPCajero,IDSucursal,Nombre,ApellidoP,ApellidoM,Calle,Numero,Alcaldia,CodigoPostal,FechaNacimiento,DNI,NSS,Sueldo,NumDiasVacaciones,FechaIngreso) VALUES ('SUHW908258KUWRWEG6',320,'Julieta','Rangel','Mendoza','López Mateos',541,'Cuauhtémoc',27950,'2004-05-19','27285635D',87134062144,4986.56,5,'2005-01-06');
INSERT INTO Cajero(CURPCajero,IDSucursal,Nombre,ApellidoP,ApellidoM,Calle,Numero,Alcaldia,CodigoPostal,FechaNacimiento,DNI,NSS,Sueldo,NumDiasVacaciones,FechaIngreso) VALUES ('RHER227267MNBZCEX1',321,'Diego','Vargas','Núñez','Vicente Guerrero',08824,'Tláhuac',58472,'1991-05-16','83100613C',97431842686,9491.89,3,'2016-03-29');
INSERT INTO Cajero(CURPCajero,IDSucursal,Nombre,ApellidoP,ApellidoM,Calle,Numero,Alcaldia,CodigoPostal,FechaNacimiento,DNI,NSS,Sueldo,NumDiasVacaciones,FechaIngreso) VALUES ('FMMY871185KCHNSTL7',322,'Ana Sofía','Andrade','Ortiz','Obregón',751,'Tláhuac',66300,'1989-06-26','18712694Y',49668305927,9954.04,6,'2001-05-22');
INSERT INTO Cajero(CURPCajero,IDSucursal,Nombre,ApellidoP,ApellidoM,Calle,Numero,Alcaldia,CodigoPostal,FechaNacimiento,DNI,NSS,Sueldo,NumDiasVacaciones,FechaIngreso) VALUES ('TQSN551031NKMCOWI5',323,'Karen','Carmona','Valdez','Cuauhtémoc',783,'Iztacalco',24867,'1980-06-14','71497376N',86053125372,4911.42,8,'2013-10-24');
INSERT INTO Cajero(CURPCajero,IDSucursal,Nombre,ApellidoP,ApellidoM,Calle,Numero,Alcaldia,CodigoPostal,FechaNacimiento,DNI,NSS,Sueldo,NumDiasVacaciones,FechaIngreso) VALUES ('LKEO526554FUICPSZ5',324,'Tomás','Bernal','Islas','Obregón',27,'Iztapalapa',75956,'1983-12-07','93316629K',63678275529,15726.57,4,'2006-12-24');
INSERT INTO Cajero(CURPCajero,IDSucursal,Nombre,ApellidoP,ApellidoM,Calle,Numero,Alcaldia,CodigoPostal,FechaNacimiento,DNI,NSS,Sueldo,NumDiasVacaciones,FechaIngreso) VALUES ('PONY306123GQMFSEY2',325,'Hugo','Hernández','Rangel','Benito Juárez',87,'Azcapotzalco',34178,'1993-04-02','04943748J',44188513287,5044.95,2,'2015-09-14');
INSERT INTO Cajero(CURPCajero,IDSucursal,Nombre,ApellidoP,ApellidoM,Calle,Numero,Alcaldia,CodigoPostal,FechaNacimiento,DNI,NSS,Sueldo,NumDiasVacaciones,FechaIngreso) VALUES ('VTLA519769QDTPMLZ9',326,'Julieta','Rodríguez','Padilla','Guerrero',6,'Tlalpan',22417,'1999-08-16','42872204Z',69476618016,10949.83,2,'2003-12-27');
INSERT INTO Cajero(CURPCajero,IDSucursal,Nombre,ApellidoP,ApellidoM,Calle,Numero,Alcaldia,CodigoPostal,FechaNacimiento,DNI,NSS,Sueldo,NumDiasVacaciones,FechaIngreso) VALUES ('YEVI205306EOJANQR6',327,'Ana Sofía','Martínez','Rangel','Paseo de la Reforma',77567,'Iztacalco',75181,'2008-07-12','32186590T',11922402643,13483.14,4,'2006-05-18');
INSERT INTO Cajero(CURPCajero,IDSucursal,Nombre,ApellidoP,ApellidoM,Calle,Numero,Alcaldia,CodigoPostal,FechaNacimiento,DNI,NSS,Sueldo,NumDiasVacaciones,FechaIngreso) VALUES ('RABM516710KURNISE6',328,'Mario','Cárdenas','Gómez','16 de Septiembre',8,'Gustavo A. Madero',36854,'2001-02-11','19344803A',66150578578,5494.20,9,'2014-09-20');
INSERT INTO Cajero(CURPCajero,IDSucursal,Nombre,ApellidoP,ApellidoM,Calle,Numero,Alcaldia,CodigoPostal,FechaNacimiento,DNI,NSS,Sueldo,NumDiasVacaciones,FechaIngreso) VALUES ('ALGW399207NCQGYCR4',329,'Hugo','Solís','Pérez','Hidalgo',90,'Cuajimalpa de Morelos',61470,'1981-01-24','03962501Z',59204210796,14867.64,12,'2002-05-01');
INSERT INTO Cajero(CURPCajero,IDSucursal,Nombre,ApellidoP,ApellidoM,Calle,Numero,Alcaldia,CodigoPostal,FechaNacimiento,DNI,NSS,Sueldo,NumDiasVacaciones,FechaIngreso) VALUES ('KYHF075559PVRSETE3',330,'Valeria','Vargas','Silva','Tlalpan',093,'Miguel Hidalgo',41931,'2003-08-24','60923188X',20489053144,11616.09,9,'2011-08-06');
INSERT INTO Cajero(CURPCajero,IDSucursal,Nombre,ApellidoP,ApellidoM,Calle,Numero,Alcaldia,CodigoPostal,FechaNacimiento,DNI,NSS,Sueldo,NumDiasVacaciones,FechaIngreso) VALUES ('ACII995732XVLQOBM9',331,'Dulce','Rangel','Castro','Vicente Guerrero',7,'Iztapalapa',75602,'2009-09-26','68026382P',22830847842,9601.02,2,'2008-09-16');
INSERT INTO Cajero(CURPCajero,IDSucursal,Nombre,ApellidoP,ApellidoM,Calle,Numero,Alcaldia,CodigoPostal,FechaNacimiento,DNI,NSS,Sueldo,NumDiasVacaciones,FechaIngreso) VALUES ('UQRT652899DBKRPIR3',332,'Alfredo','Ochoa','Torres','Constitución',7,'La Magdalena Contreras',32688,'1982-07-17','38892933R',99779344144,9966.36,9,'2016-06-14');
INSERT INTO Cajero(CURPCajero,IDSucursal,Nombre,ApellidoP,ApellidoM,Calle,Numero,Alcaldia,CodigoPostal,FechaNacimiento,DNI,NSS,Sueldo,NumDiasVacaciones,FechaIngreso) VALUES ('VUDY457368REHJZMH4',333,'Óscar','Ruiz','Espinoza','Vicente Guerrero',9,'Cuajimalpa de Morelos',20358,'1997-03-26','20450469H',40152047731,9103.07,7,'2000-03-29');
INSERT INTO Cajero(CURPCajero,IDSucursal,Nombre,ApellidoP,ApellidoM,Calle,Numero,Alcaldia,CodigoPostal,FechaNacimiento,DNI,NSS,Sueldo,NumDiasVacaciones,FechaIngreso) VALUES ('EIVI182180NFJOQWY3',334,'Christian','Ibarra','Martínez','Vicente Guerrero',8,'Iztacalco',14057,'1995-04-06','24450920U',72739534621,9788.03,7,'2005-10-13');
INSERT INTO Cajero(CURPCajero,IDSucursal,Nombre,ApellidoP,ApellidoM,Calle,Numero,Alcaldia,CodigoPostal,FechaNacimiento,DNI,NSS,Sueldo,NumDiasVacaciones,FechaIngreso) VALUES ('AEHU000869SJRKRTS3',335,'Cynthia','Nava','Pineda','Cuauhtémoc',2,'Venustiano Carranza',28638,'1994-06-08','93691431D',36639734425,15650.12,5,'2012-03-06');
INSERT INTO Cajero(CURPCajero,IDSucursal,Nombre,ApellidoP,ApellidoM,Calle,Numero,Alcaldia,CodigoPostal,FechaNacimiento,DNI,NSS,Sueldo,NumDiasVacaciones,FechaIngreso) VALUES ('SUIH356984HUZGIPF6',336,'Ximena','Figueroa','Pacheco','16 de Septiembre',4947,'Benito Juárez',54787,'1980-04-20','43874784G',33653162729,10924.96,8,'2006-01-07');
INSERT INTO Cajero(CURPCajero,IDSucursal,Nombre,ApellidoP,ApellidoM,Calle,Numero,Alcaldia,CodigoPostal,FechaNacimiento,DNI,NSS,Sueldo,NumDiasVacaciones,FechaIngreso) VALUES ('LNRE278124XOKFMPI9',337,'Julio','Santillán','Velázquez','Reforma',143,'Iztapalapa',58513,'2001-04-01','29926013D',11374441257,3714.92,4,'2015-07-28');
INSERT INTO Cajero(CURPCajero,IDSucursal,Nombre,ApellidoP,ApellidoM,Calle,Numero,Alcaldia,CodigoPostal,FechaNacimiento,DNI,NSS,Sueldo,NumDiasVacaciones,FechaIngreso) VALUES ('YUUG700044XVUAMBR3',338,'Benjamín','López','Nava','Tlalpan',6,'Iztacalco',64028,'2003-03-13','65790503J',52082349809,11482.37,9,'2016-07-21');
INSERT INTO Cajero(CURPCajero,IDSucursal,Nombre,ApellidoP,ApellidoM,Calle,Numero,Alcaldia,CodigoPostal,FechaNacimiento,DNI,NSS,Sueldo,NumDiasVacaciones,FechaIngreso) VALUES ('USWL931988SYFOXRO6',339,'Rodrigo','Meza','Santillán','Revolución',67443,'La Magdalena Contreras',35459,'2001-07-08','42480087P',30504943219,11251.57,11,'2016-12-27');
INSERT INTO Cajero(CURPCajero,IDSucursal,Nombre,ApellidoP,ApellidoM,Calle,Numero,Alcaldia,CodigoPostal,FechaNacimiento,DNI,NSS,Sueldo,NumDiasVacaciones,FechaIngreso) VALUES ('ACYZ167185KYRWKXT6',340,'Néstor','Cervantes','Peña','Juárez',8,'Coyoacán',24148,'1988-11-06','43344953K',48507564138,4062.84,4,'2004-04-01');
INSERT INTO Cajero(CURPCajero,IDSucursal,Nombre,ApellidoP,ApellidoM,Calle,Numero,Alcaldia,CodigoPostal,FechaNacimiento,DNI,NSS,Sueldo,NumDiasVacaciones,FechaIngreso) VALUES ('IOHC966889EXYMEZO7',341,'Brenda','Núñez','Beltrán','Morelos',6205,'Iztacalco',74029,'1996-06-21','03697983G',25942114390,12012.18,4,'2000-06-14');
INSERT INTO Cajero(CURPCajero,IDSucursal,Nombre,ApellidoP,ApellidoM,Calle,Numero,Alcaldia,CodigoPostal,FechaNacimiento,DNI,NSS,Sueldo,NumDiasVacaciones,FechaIngreso) VALUES ('BIAK718043NKWUAYR9',342,'Erick','Esquivel','Pérez','Palmas',1,'Tláhuac',48753,'2009-08-05','20199875B',56039404221,6724.50,5,'2006-06-26');
INSERT INTO Cajero(CURPCajero,IDSucursal,Nombre,ApellidoP,ApellidoM,Calle,Numero,Alcaldia,CodigoPostal,FechaNacimiento,DNI,NSS,Sueldo,NumDiasVacaciones,FechaIngreso) VALUES ('GZMD986116PCYKJQL3',343,'Alejandra','Valdez','Rivas','Tlalpan',56725,'Cuauhtémoc',98109,'2008-03-23','12667429Y',19528138386,5202.83,5,'2008-02-03');
INSERT INTO Cajero(CURPCajero,IDSucursal,Nombre,ApellidoP,ApellidoM,Calle,Numero,Alcaldia,CodigoPostal,FechaNacimiento,DNI,NSS,Sueldo,NumDiasVacaciones,FechaIngreso) VALUES ('ZBEO455543OYMFNKR1',344,'Lucía','Osorio','Flores','Lerdo',6250,'La Magdalena Contreras',72071,'1986-10-10','20623909U',32352891561,11557.31,4,'2017-08-21');
INSERT INTO Cajero(CURPCajero,IDSucursal,Nombre,ApellidoP,ApellidoM,Calle,Numero,Alcaldia,CodigoPostal,FechaNacimiento,DNI,NSS,Sueldo,NumDiasVacaciones,FechaIngreso) VALUES ('FJYJ172853FUQYRVX4',345,'Alicia','Guzmán','Ortiz','Benito Juárez',5751,'Miguel Hidalgo',13043,'2002-01-31','93524478A',46604371942,17816.39,12,'2002-03-22');
INSERT INTO Cajero(CURPCajero,IDSucursal,Nombre,ApellidoP,ApellidoM,Calle,Numero,Alcaldia,CodigoPostal,FechaNacimiento,DNI,NSS,Sueldo,NumDiasVacaciones,FechaIngreso) VALUES ('CVKN431303OTYYBXP0',346,'Miguel','Velázquez','Peña','Guerrero',3117,'Coyoacán',30070,'1998-12-03','98225013F',21237780190,11999.08,4,'2006-04-25');
INSERT INTO Cajero(CURPCajero,IDSucursal,Nombre,ApellidoP,ApellidoM,Calle,Numero,Alcaldia,CodigoPostal,FechaNacimiento,DNI,NSS,Sueldo,NumDiasVacaciones,FechaIngreso) VALUES ('LWEH029214ZEQONWF4',347,'Nancy','Torres','Delgado','López Mateos',839,'Tlalpan',25660,'2001-12-11','04516065G',46873139860,14516.42,3,'2013-05-27');
INSERT INTO Cajero(CURPCajero,IDSucursal,Nombre,ApellidoP,ApellidoM,Calle,Numero,Alcaldia,CodigoPostal,FechaNacimiento,DNI,NSS,Sueldo,NumDiasVacaciones,FechaIngreso) VALUES ('KLZR462731MHOMNMY5',348,'Jazmín','Duarte','Maldonado','Zaragoza',95,'Venustiano Carranza',59626,'2000-06-24','40813147V',44121942296,7425.85,12,'2010-12-22');
INSERT INTO Cajero(CURPCajero,IDSucursal,Nombre,ApellidoP,ApellidoM,Calle,Numero,Alcaldia,CodigoPostal,FechaNacimiento,DNI,NSS,Sueldo,NumDiasVacaciones,FechaIngreso) VALUES ('LZGN124860VXXDYBP8',349,'Karla','Acosta','Ochoa','Obregón',13779,'Gustavo A. Madero',14622,'1995-10-15','52987527D',63517853348,5080.90,11,'2006-03-14');

-- Población de la tabla CorreoCajero
INSERT INTO CorreoCajero(CURPCajero,Correo) VALUES ('VIOX223362LDGERMV1','mhawkeridge0@craigslist.org');
INSERT INTO CorreoCajero(CURPCajero,Correo) VALUES ('WLGE467268VUSUCZP6','ccurtis1@linkedin.com');
INSERT INTO CorreoCajero(CURPCajero,Correo) VALUES ('ADKM776363SECKFQO4','awiltshear2@oaic.gov.au');
INSERT INTO CorreoCajero(CURPCajero,Correo) VALUES ('TGKV197424EPISOUX9','edosdell3@aboutads.info');
INSERT INTO CorreoCajero(CURPCajero,Correo) VALUES ('ZXLW274580XGSGQTA7','cshinn4@posterous.com');
INSERT INTO CorreoCajero(CURPCajero,Correo) VALUES ('FNSS610081YAOLUYH7','pspary5@canalblog.com');
INSERT INTO CorreoCajero(CURPCajero,Correo) VALUES ('CVLZ728901SXZPFJJ6','bjoss6@trellian.com');
INSERT INTO CorreoCajero(CURPCajero,Correo) VALUES ('KXRH743198EGAIJLM8','bralston7@t-online.de');
INSERT INTO CorreoCajero(CURPCajero,Correo) VALUES ('OMFU386487DFNFNGS5','mbrummell8@nydailynews.com');
INSERT INTO CorreoCajero(CURPCajero,Correo) VALUES ('CXCB834550LVTOPPM0','barmsby9@miitbeian.gov.cn');
INSERT INTO CorreoCajero(CURPCajero,Correo) VALUES ('MZYC884137LAXFSKU5','mmarcombea@51.la');
INSERT INTO CorreoCajero(CURPCajero,Correo) VALUES ('SVHM068187FCGYPPT0','mspencleyb@ucoz.com');
INSERT INTO CorreoCajero(CURPCajero,Correo) VALUES ('HTWK941730PUYBTCG5','pfelsteadc@hatena.ne.jp');
INSERT INTO CorreoCajero(CURPCajero,Correo) VALUES ('XIGO444507VLGVYVH7','wdummettd@msu.edu');
INSERT INTO CorreoCajero(CURPCajero,Correo) VALUES ('DUYO935749SBGVEMQ6','dbergee@webs.com');
INSERT INTO CorreoCajero(CURPCajero,Correo) VALUES ('IZLF414992TMDOMKA7','njustunf@wikimedia.org');
INSERT INTO CorreoCajero(CURPCajero,Correo) VALUES ('UMGF751610CTHLPRZ0','nhelstromg@usa.gov');
INSERT INTO CorreoCajero(CURPCajero,Correo) VALUES ('VGJO910745FTCWTPN0','timpetth@jigsy.com');
INSERT INTO CorreoCajero(CURPCajero,Correo) VALUES ('YFAT425212OEKEIHT7','wbanfieldi@feedburner.com');
INSERT INTO CorreoCajero(CURPCajero,Correo) VALUES ('YSLW911726JWNNDNT0','mucchinoj@storify.com');
INSERT INTO CorreoCajero(CURPCajero,Correo) VALUES ('SUHW908258KUWRWEG6','sjanningk@goo.ne.jp');
INSERT INTO CorreoCajero(CURPCajero,Correo) VALUES ('RHER227267MNBZCEX1','snairnel@pbs.org');
INSERT INTO CorreoCajero(CURPCajero,Correo) VALUES ('FMMY871185KCHNSTL7','ksandcroftm@symantec.com');
INSERT INTO CorreoCajero(CURPCajero,Correo) VALUES ('TQSN551031NKMCOWI5','mmcguanen@netvibes.com');
INSERT INTO CorreoCajero(CURPCajero,Correo) VALUES ('LKEO526554FUICPSZ5','asenno@squarespace.com');
INSERT INTO CorreoCajero(CURPCajero,Correo) VALUES ('PONY306123GQMFSEY2','amylchreestp@digg.com');
INSERT INTO CorreoCajero(CURPCajero,Correo) VALUES ('VTLA519769QDTPMLZ9','bbodkerq@histats.com');
INSERT INTO CorreoCajero(CURPCajero,Correo) VALUES ('YEVI205306EOJANQR6','sbrignallr@usa.gov');
INSERT INTO CorreoCajero(CURPCajero,Correo) VALUES ('RABM516710KURNISE6','dbampfords@ning.com');
INSERT INTO CorreoCajero(CURPCajero,Correo) VALUES ('ALGW399207NCQGYCR4','gbienvenut@fotki.com');
INSERT INTO CorreoCajero(CURPCajero,Correo) VALUES ('KYHF075559PVRSETE3','mpullmanu@utexas.edu');
INSERT INTO CorreoCajero(CURPCajero,Correo) VALUES ('ACII995732XVLQOBM9','ebrugemannv@shinystat.com');
INSERT INTO CorreoCajero(CURPCajero,Correo) VALUES ('UQRT652899DBKRPIR3','aoneilw@chron.com');
INSERT INTO CorreoCajero(CURPCajero,Correo) VALUES ('VUDY457368REHJZMH4','ltombsx@exblog.jp');
INSERT INTO CorreoCajero(CURPCajero,Correo) VALUES ('EIVI182180NFJOQWY3','cfittisy@biglobe.ne.jp');
INSERT INTO CorreoCajero(CURPCajero,Correo) VALUES ('AEHU000869SJRKRTS3','eshergoldz@imdb.com');
INSERT INTO CorreoCajero(CURPCajero,Correo) VALUES ('SUIH356984HUZGIPF6','cberthel10@issuu.com');
INSERT INTO CorreoCajero(CURPCajero,Correo) VALUES ('LNRE278124XOKFMPI9','mragge11@skyrock.com');
INSERT INTO CorreoCajero(CURPCajero,Correo) VALUES ('YUUG700044XVUAMBR3','dmatiebe12@google.cn');
INSERT INTO CorreoCajero(CURPCajero,Correo) VALUES ('USWL931988SYFOXRO6','ecouttes13@walmart.com');
INSERT INTO CorreoCajero(CURPCajero,Correo) VALUES ('ACYZ167185KYRWKXT6','iklimkin14@barnesandnoble.com');
INSERT INTO CorreoCajero(CURPCajero,Correo) VALUES ('IOHC966889EXYMEZO7','braden15@nymag.com');
INSERT INTO CorreoCajero(CURPCajero,Correo) VALUES ('BIAK718043NKWUAYR9','frustedge16@opera.com');
INSERT INTO CorreoCajero(CURPCajero,Correo) VALUES ('GZMD986116PCYKJQL3','ftournie17@opera.com');
INSERT INTO CorreoCajero(CURPCajero,Correo) VALUES ('ZBEO455543OYMFNKR1','wboultwood18@craigslist.org');
INSERT INTO CorreoCajero(CURPCajero,Correo) VALUES ('FJYJ172853FUQYRVX4','oscullin19@cnn.com');
INSERT INTO CorreoCajero(CURPCajero,Correo) VALUES ('CVKN431303OTYYBXP0','hflahive1a@theatlantic.com');
INSERT INTO CorreoCajero(CURPCajero,Correo) VALUES ('LWEH029214ZEQONWF4','lsmartman1b@blogger.com');
INSERT INTO CorreoCajero(CURPCajero,Correo) VALUES ('KLZR462731MHOMNMY5','gjorissen1c@answers.com');
INSERT INTO CorreoCajero(CURPCajero,Correo) VALUES ('LZGN124860VXXDYBP8','apantry1d@vk.com');

-- Población de la tabla TelefonoCajero
INSERT INTO TelefonoCajero(CURPCajero,Telefono) VALUES ('VIOX223362LDGERMV1',5566043476);
INSERT INTO TelefonoCajero(CURPCajero,Telefono) VALUES ('WLGE467268VUSUCZP6',5513772926);
INSERT INTO TelefonoCajero(CURPCajero,Telefono) VALUES ('ADKM776363SECKFQO4',5555256932);
INSERT INTO TelefonoCajero(CURPCajero,Telefono) VALUES ('TGKV197424EPISOUX9',5553999627);
INSERT INTO TelefonoCajero(CURPCajero,Telefono) VALUES ('ZXLW274580XGSGQTA7',5589828326);
INSERT INTO TelefonoCajero(CURPCajero,Telefono) VALUES ('FNSS610081YAOLUYH7',5577674274);
INSERT INTO TelefonoCajero(CURPCajero,Telefono) VALUES ('CVLZ728901SXZPFJJ6',5540893849);
INSERT INTO TelefonoCajero(CURPCajero,Telefono) VALUES ('KXRH743198EGAIJLM8',5503114315);
INSERT INTO TelefonoCajero(CURPCajero,Telefono) VALUES ('OMFU386487DFNFNGS5',5571255214);
INSERT INTO TelefonoCajero(CURPCajero,Telefono) VALUES ('CXCB834550LVTOPPM0',5590409292);
INSERT INTO TelefonoCajero(CURPCajero,Telefono) VALUES ('MZYC884137LAXFSKU5',5539209004);
INSERT INTO TelefonoCajero(CURPCajero,Telefono) VALUES ('SVHM068187FCGYPPT0',5598812753);
INSERT INTO TelefonoCajero(CURPCajero,Telefono) VALUES ('HTWK941730PUYBTCG5',5596607398);
INSERT INTO TelefonoCajero(CURPCajero,Telefono) VALUES ('XIGO444507VLGVYVH7',5583442427);
INSERT INTO TelefonoCajero(CURPCajero,Telefono) VALUES ('DUYO935749SBGVEMQ6',5590794505);
INSERT INTO TelefonoCajero(CURPCajero,Telefono) VALUES ('IZLF414992TMDOMKA7',5592753573);
INSERT INTO TelefonoCajero(CURPCajero,Telefono) VALUES ('UMGF751610CTHLPRZ0',5575184525);
INSERT INTO TelefonoCajero(CURPCajero,Telefono) VALUES ('VGJO910745FTCWTPN0',5512971959);
INSERT INTO TelefonoCajero(CURPCajero,Telefono) VALUES ('YFAT425212OEKEIHT7',5530463151);
INSERT INTO TelefonoCajero(CURPCajero,Telefono) VALUES ('YSLW911726JWNNDNT0',5586097690);
INSERT INTO TelefonoCajero(CURPCajero,Telefono) VALUES ('SUHW908258KUWRWEG6',5513853284);
INSERT INTO TelefonoCajero(CURPCajero,Telefono) VALUES ('RHER227267MNBZCEX1',5542809727);
INSERT INTO TelefonoCajero(CURPCajero,Telefono) VALUES ('FMMY871185KCHNSTL7',5580890261);
INSERT INTO TelefonoCajero(CURPCajero,Telefono) VALUES ('TQSN551031NKMCOWI5',5534287659);
INSERT INTO TelefonoCajero(CURPCajero,Telefono) VALUES ('LKEO526554FUICPSZ5',5574841781);
INSERT INTO TelefonoCajero(CURPCajero,Telefono) VALUES ('PONY306123GQMFSEY2',5537796158);
INSERT INTO TelefonoCajero(CURPCajero,Telefono) VALUES ('VTLA519769QDTPMLZ9',5526217082);
INSERT INTO TelefonoCajero(CURPCajero,Telefono) VALUES ('YEVI205306EOJANQR6',5539423726);
INSERT INTO TelefonoCajero(CURPCajero,Telefono) VALUES ('RABM516710KURNISE6',5501806282);
INSERT INTO TelefonoCajero(CURPCajero,Telefono) VALUES ('ALGW399207NCQGYCR4',5526200202);
INSERT INTO TelefonoCajero(CURPCajero,Telefono) VALUES ('KYHF075559PVRSETE3',5571621253);
INSERT INTO TelefonoCajero(CURPCajero,Telefono) VALUES ('ACII995732XVLQOBM9',5577406690);
INSERT INTO TelefonoCajero(CURPCajero,Telefono) VALUES ('UQRT652899DBKRPIR3',5563324630);
INSERT INTO TelefonoCajero(CURPCajero,Telefono) VALUES ('VUDY457368REHJZMH4',5534170430);
INSERT INTO TelefonoCajero(CURPCajero,Telefono) VALUES ('EIVI182180NFJOQWY3',5582972140);
INSERT INTO TelefonoCajero(CURPCajero,Telefono) VALUES ('AEHU000869SJRKRTS3',5523691926);
INSERT INTO TelefonoCajero(CURPCajero,Telefono) VALUES ('SUIH356984HUZGIPF6',5545851594);
INSERT INTO TelefonoCajero(CURPCajero,Telefono) VALUES ('LNRE278124XOKFMPI9',5532426594);
INSERT INTO TelefonoCajero(CURPCajero,Telefono) VALUES ('YUUG700044XVUAMBR3',5545046449);
INSERT INTO TelefonoCajero(CURPCajero,Telefono) VALUES ('USWL931988SYFOXRO6',5507102861);
INSERT INTO TelefonoCajero(CURPCajero,Telefono) VALUES ('ACYZ167185KYRWKXT6',5587451910);
INSERT INTO TelefonoCajero(CURPCajero,Telefono) VALUES ('IOHC966889EXYMEZO7',5527470005);
INSERT INTO TelefonoCajero(CURPCajero,Telefono) VALUES ('BIAK718043NKWUAYR9',5576167198);
INSERT INTO TelefonoCajero(CURPCajero,Telefono) VALUES ('GZMD986116PCYKJQL3',5502229533);
INSERT INTO TelefonoCajero(CURPCajero,Telefono) VALUES ('ZBEO455543OYMFNKR1',5537872243);
INSERT INTO TelefonoCajero(CURPCajero,Telefono) VALUES ('FJYJ172853FUQYRVX4',5558666125);
INSERT INTO TelefonoCajero(CURPCajero,Telefono) VALUES ('CVKN431303OTYYBXP0',5536583905);
INSERT INTO TelefonoCajero(CURPCajero,Telefono) VALUES ('LWEH029214ZEQONWF4',5538171892);
INSERT INTO TelefonoCajero(CURPCajero,Telefono) VALUES ('KLZR462731MHOMNMY5',5556461630);
INSERT INTO TelefonoCajero(CURPCajero,Telefono) VALUES ('LZGN124860VXXDYBP8',5583946262);

-- Población de la tabla Gerente
INSERT INTO Gerente(CURPGerente,IDSucursal,Nombre,ApellidoP,ApellidoM,Calle,Numero,Alcaldia,CodigoPostal,FechaNacimiento,DNI,NSS,Sueldo,NumDiasVacaciones,FechaIngreso) VALUES ('JYDU431087PLYPZNG6',300,'Alberto','Romero','Franco','Cuauhtémoc',13475,'Benito Juárez',28116,'1991-01-18','96212561C',72487427932,11467.07,12,'2008-12-29');
INSERT INTO Gerente(CURPGerente,IDSucursal,Nombre,ApellidoP,ApellidoM,Calle,Numero,Alcaldia,CodigoPostal,FechaNacimiento,DNI,NSS,Sueldo,NumDiasVacaciones,FechaIngreso) VALUES ('ZVWH184859ITIKILO3',301,'Isabella','Miranda','Silva','Morelos',7,'Xochimilco',35669,'1998-05-23','37524184N',88007774635,3290.88,12,'2015-01-10');
INSERT INTO Gerente(CURPGerente,IDSucursal,Nombre,ApellidoP,ApellidoM,Calle,Numero,Alcaldia,CodigoPostal,FechaNacimiento,DNI,NSS,Sueldo,NumDiasVacaciones,FechaIngreso) VALUES ('GXOT101656BUJWMND5',302,'Santiago','Fuentes','Reyes','16 de Septiembre',915,'Iztapalapa',21160,'1992-01-28','53179179J',22435008454,6290.28,10,'2018-01-13');
INSERT INTO Gerente(CURPGerente,IDSucursal,Nombre,ApellidoP,ApellidoM,Calle,Numero,Alcaldia,CodigoPostal,FechaNacimiento,DNI,NSS,Sueldo,NumDiasVacaciones,FechaIngreso) VALUES ('HNWK912868RWESMJY1',303,'Ximena','Peña','Guzmán','Independencia',23588,'La Magdalena Contreras',91050,'1988-08-17','97252731W',40005645409,9673.74,5,'2016-06-10');
INSERT INTO Gerente(CURPGerente,IDSucursal,Nombre,ApellidoP,ApellidoM,Calle,Numero,Alcaldia,CodigoPostal,FechaNacimiento,DNI,NSS,Sueldo,NumDiasVacaciones,FechaIngreso) VALUES ('LFQM033989KTANEBI3',304,'Cynthia','Miranda','Pineda','Zaragoza',9,'Álvaro Obregón',44131,'1997-08-15','56018953W',31686171096,13981.46,3,'2010-06-04');
INSERT INTO Gerente(CURPGerente,IDSucursal,Nombre,ApellidoP,ApellidoM,Calle,Numero,Alcaldia,CodigoPostal,FechaNacimiento,DNI,NSS,Sueldo,NumDiasVacaciones,FechaIngreso) VALUES ('PTBN141685FBQFHNA1',305,'Lorena','Olvera','Mendoza','20 de Noviembre',6,'Coyoacán',18647,'2009-11-24','76732458U',95299542197,11978.02,9,'2019-02-22');
INSERT INTO Gerente(CURPGerente,IDSucursal,Nombre,ApellidoP,ApellidoM,Calle,Numero,Alcaldia,CodigoPostal,FechaNacimiento,DNI,NSS,Sueldo,NumDiasVacaciones,FechaIngreso) VALUES ('WKGR886295ZBCGNLL6',306,'Alejandra','Ramírez','Luna','Constitución',1,'La Magdalena Contreras',96030,'1983-07-30','88454159R',10679168631,9463.31,9,'2004-12-31');
INSERT INTO Gerente(CURPGerente,IDSucursal,Nombre,ApellidoP,ApellidoM,Calle,Numero,Alcaldia,CodigoPostal,FechaNacimiento,DNI,NSS,Sueldo,NumDiasVacaciones,FechaIngreso) VALUES ('BUCK939203ZXUGIWX1',307,'Pamela','Esparza','Córdova','Zaragoza',25864,'Azcapotzalco',55337,'2009-07-09','43555057B',86242696110,9573.08,12,'2018-12-06');
INSERT INTO Gerente(CURPGerente,IDSucursal,Nombre,ApellidoP,ApellidoM,Calle,Numero,Alcaldia,CodigoPostal,FechaNacimiento,DNI,NSS,Sueldo,NumDiasVacaciones,FechaIngreso) VALUES ('RLRU997792OBMARJD1',308,'Elena','Silva','Franco','Tlalpan',7901,'Benito Juárez',96288,'1987-11-24','94890638G',96612043722,6027.64,3,'2008-01-08');
INSERT INTO Gerente(CURPGerente,IDSucursal,Nombre,ApellidoP,ApellidoM,Calle,Numero,Alcaldia,CodigoPostal,FechaNacimiento,DNI,NSS,Sueldo,NumDiasVacaciones,FechaIngreso) VALUES ('ILFL000241CZIRDDU5',309,'Mariana','Ochoa','Pineda','16 de Septiembre',68793,'La Magdalena Contreras',77703,'1988-03-23','04980346Y',23038601879,5357.97,10,'2002-02-25');
INSERT INTO Gerente(CURPGerente,IDSucursal,Nombre,ApellidoP,ApellidoM,Calle,Numero,Alcaldia,CodigoPostal,FechaNacimiento,DNI,NSS,Sueldo,NumDiasVacaciones,FechaIngreso) VALUES ('CDKO361727GPPERCD2',310,'Julieta','Carmona','Velázquez','Juárez',83,'Iztacalco',69132,'1983-12-05','19227393J',98886542535,4353.43,3,'2003-12-09');
INSERT INTO Gerente(CURPGerente,IDSucursal,Nombre,ApellidoP,ApellidoM,Calle,Numero,Alcaldia,CodigoPostal,FechaNacimiento,DNI,NSS,Sueldo,NumDiasVacaciones,FechaIngreso) VALUES ('GOJH107758LJOVWIE9',311,'Isaac','Fuentes','Guzmán','Cuauhtémoc',28,'Cuauhtémoc',76914,'1993-05-07','74091677J',28691426159,11439.08,12,'2000-10-13');
INSERT INTO Gerente(CURPGerente,IDSucursal,Nombre,ApellidoP,ApellidoM,Calle,Numero,Alcaldia,CodigoPostal,FechaNacimiento,DNI,NSS,Sueldo,NumDiasVacaciones,FechaIngreso) VALUES ('UKGL656975FLZLXTS9',312,'Antonio','Pacheco','Álvarez','Paseo de la Reforma',193,'Benito Juárez',30112,'1989-03-04','68943520W',46380745960,7588.14,12,'2003-07-18');
INSERT INTO Gerente(CURPGerente,IDSucursal,Nombre,ApellidoP,ApellidoM,Calle,Numero,Alcaldia,CodigoPostal,FechaNacimiento,DNI,NSS,Sueldo,NumDiasVacaciones,FechaIngreso) VALUES ('RLOF964769JJNNENQ5',313,'Laura','Sepúlveda','Salazar','Obregón',12297,'Iztapalapa',36584,'2010-03-25','09012005O',78873563334,6225.59,10,'2008-10-14');
INSERT INTO Gerente(CURPGerente,IDSucursal,Nombre,ApellidoP,ApellidoM,Calle,Numero,Alcaldia,CodigoPostal,FechaNacimiento,DNI,NSS,Sueldo,NumDiasVacaciones,FechaIngreso) VALUES ('PQUN171060OEYBUAD4',314,'Victoria','Medina','Fuentes','Obregón',55,'La Magdalena Contreras',86903,'2006-08-27','85774441X',69150512319,15884.31,12,'2008-02-06');
INSERT INTO Gerente(CURPGerente,IDSucursal,Nombre,ApellidoP,ApellidoM,Calle,Numero,Alcaldia,CodigoPostal,FechaNacimiento,DNI,NSS,Sueldo,NumDiasVacaciones,FechaIngreso) VALUES ('AFMP858536YDRFPZA3',315,'Elizabeth','Gómez','Beltrán','Hidalgo',65821,'Azcapotzalco',83693,'1991-05-22','43129715V',58149860494,4443.70,7,'2013-12-13');
INSERT INTO Gerente(CURPGerente,IDSucursal,Nombre,ApellidoP,ApellidoM,Calle,Numero,Alcaldia,CodigoPostal,FechaNacimiento,DNI,NSS,Sueldo,NumDiasVacaciones,FechaIngreso) VALUES ('MIDX268897PNJKFZW1',316,'Martín','Sánchez','Beltrán','20 de Noviembre',802,'Milpa Alta',46068,'1986-09-18','38206035R',77947762610,8946.08,7,'2009-10-31');
INSERT INTO Gerente(CURPGerente,IDSucursal,Nombre,ApellidoP,ApellidoM,Calle,Numero,Alcaldia,CodigoPostal,FechaNacimiento,DNI,NSS,Sueldo,NumDiasVacaciones,FechaIngreso) VALUES ('XQBA795562XAGZFZO5',317,'Víctor','Ibarra','Maldonado','Avenida México',67,'Iztapalapa',78004,'1997-01-22','43921315R',73178290505,3363.79,7,'2010-07-20');
INSERT INTO Gerente(CURPGerente,IDSucursal,Nombre,ApellidoP,ApellidoM,Calle,Numero,Alcaldia,CodigoPostal,FechaNacimiento,DNI,NSS,Sueldo,NumDiasVacaciones,FechaIngreso) VALUES ('KHSG062468PFRHVOJ0',318,'Jorge','Espinoza','Cordero','Palmas',02,'Tlalpan',68968,'2005-02-04','92616598N',52840803372,4746.35,8,'2009-01-13');
INSERT INTO Gerente(CURPGerente,IDSucursal,Nombre,ApellidoP,ApellidoM,Calle,Numero,Alcaldia,CodigoPostal,FechaNacimiento,DNI,NSS,Sueldo,NumDiasVacaciones,FechaIngreso) VALUES ('YURM078942TJDKLJX0',319,'Karla','Cárdenas','Luna','Miguel Hidalgo',57791,'Iztacalco',57959,'1983-02-08','45028715G',73078710574,12147.57,8,'2013-05-06');
INSERT INTO Gerente(CURPGerente,IDSucursal,Nombre,ApellidoP,ApellidoM,Calle,Numero,Alcaldia,CodigoPostal,FechaNacimiento,DNI,NSS,Sueldo,NumDiasVacaciones,FechaIngreso) VALUES ('OBBZ604852JQWHSMN3',320,'Víctor','Cervantes','Guzmán','Constitución',519,'Coyoacán',34271,'1993-04-20','29400132E',48003277135,14416.82,6,'2001-09-21');
INSERT INTO Gerente(CURPGerente,IDSucursal,Nombre,ApellidoP,ApellidoM,Calle,Numero,Alcaldia,CodigoPostal,FechaNacimiento,DNI,NSS,Sueldo,NumDiasVacaciones,FechaIngreso) VALUES ('YWWY115210PJSKBOA6',321,'José','Rangel','Cordero','Insurgentes',5782,'Coyoacán',31722,'1999-11-21','96349476W',99772444526,9433.24,5,'2007-05-16');
INSERT INTO Gerente(CURPGerente,IDSucursal,Nombre,ApellidoP,ApellidoM,Calle,Numero,Alcaldia,CodigoPostal,FechaNacimiento,DNI,NSS,Sueldo,NumDiasVacaciones,FechaIngreso) VALUES ('JWRE099902PICDJLY5',322,'Andrea','Bautista','Hernández','Palmas',24,'Milpa Alta',27432,'1985-12-24','93347833O',85368305773,4709.93,10,'2005-09-06');
INSERT INTO Gerente(CURPGerente,IDSucursal,Nombre,ApellidoP,ApellidoM,Calle,Numero,Alcaldia,CodigoPostal,FechaNacimiento,DNI,NSS,Sueldo,NumDiasVacaciones,FechaIngreso) VALUES ('LRKL766935PSYIWCT9',323,'Isabella','Mendoza','Maldonado','Venustiano Carranza',032,'Tláhuac',77431,'1988-02-25','83426855H',57181299825,3691.74,2,'2014-08-31');
INSERT INTO Gerente(CURPGerente,IDSucursal,Nombre,ApellidoP,ApellidoM,Calle,Numero,Alcaldia,CodigoPostal,FechaNacimiento,DNI,NSS,Sueldo,NumDiasVacaciones,FechaIngreso) VALUES ('MEQX046046CBNGFAL4',324,'Natalia','Caballero','Hernández','Benito Juárez',1524,'Venustiano Carranza',26851,'1995-01-06','05447406A',66975514245,6472.99,4,'2018-05-13');
INSERT INTO Gerente(CURPGerente,IDSucursal,Nombre,ApellidoP,ApellidoM,Calle,Numero,Alcaldia,CodigoPostal,FechaNacimiento,DNI,NSS,Sueldo,NumDiasVacaciones,FechaIngreso) VALUES ('OPPF801580QDXIEMS5',325,'Manuel','Ibarra','Méndez','Obregón',133,'Azcapotzalco',51803,'1982-01-05','77391099K',21643165978,3630.82,12,'2010-10-27');
INSERT INTO Gerente(CURPGerente,IDSucursal,Nombre,ApellidoP,ApellidoM,Calle,Numero,Alcaldia,CodigoPostal,FechaNacimiento,DNI,NSS,Sueldo,NumDiasVacaciones,FechaIngreso) VALUES ('AMHO147868BXWUEIY5',326,'Isaac','Torres','Corona','Lerdo',9795,'Xochimilco',31170,'1990-10-06','08819012N',61991919438,5638.04,5,'2010-02-25');
INSERT INTO Gerente(CURPGerente,IDSucursal,Nombre,ApellidoP,ApellidoM,Calle,Numero,Alcaldia,CodigoPostal,FechaNacimiento,DNI,NSS,Sueldo,NumDiasVacaciones,FechaIngreso) VALUES ('KCFM044181WPJYCUL5',327,'Arturo','Bernal','Aguilar','Reforma',395,'Milpa Alta',98027,'2006-08-21','97366892Y',91792121358,13909.13,10,'2012-07-16');
INSERT INTO Gerente(CURPGerente,IDSucursal,Nombre,ApellidoP,ApellidoM,Calle,Numero,Alcaldia,CodigoPostal,FechaNacimiento,DNI,NSS,Sueldo,NumDiasVacaciones,FechaIngreso) VALUES ('AAPF689061FZXJPWG5',328,'Adrián','Beltrán','Franco','Madero',591,'Xochimilco',99546,'2002-12-17','31401673Z',72993074899,6407.32,3,'2018-07-16');
INSERT INTO Gerente(CURPGerente,IDSucursal,Nombre,ApellidoP,ApellidoM,Calle,Numero,Alcaldia,CodigoPostal,FechaNacimiento,DNI,NSS,Sueldo,NumDiasVacaciones,FechaIngreso) VALUES ('QDYJ208286DNVFGEY5',329,'Elizabeth','Córdova','Aguilar','Palmas',2775,'Cuajimalpa de Morelos',21865,'2008-09-18','32619159Z',63959352765,17784.81,3,'2005-01-14');
INSERT INTO Gerente(CURPGerente,IDSucursal,Nombre,ApellidoP,ApellidoM,Calle,Numero,Alcaldia,CodigoPostal,FechaNacimiento,DNI,NSS,Sueldo,NumDiasVacaciones,FechaIngreso) VALUES ('LLSZ328964DGVMDAZ7',330,'Victoria','Del Río','Esparza','16 de Septiembre',21663,'Venustiano Carranza',17425,'2009-02-15','16133985V',20134017961,8445.13,12,'2004-10-19');
INSERT INTO Gerente(CURPGerente,IDSucursal,Nombre,ApellidoP,ApellidoM,Calle,Numero,Alcaldia,CodigoPostal,FechaNacimiento,DNI,NSS,Sueldo,NumDiasVacaciones,FechaIngreso) VALUES ('KGIZ387161NGIAMIP3',331,'Jesús','Pacheco','Meza','Palmas',4,'Milpa Alta',52326,'1989-11-14','72487241M',89595781407,12819.86,6,'2002-08-04');
INSERT INTO Gerente(CURPGerente,IDSucursal,Nombre,ApellidoP,ApellidoM,Calle,Numero,Alcaldia,CodigoPostal,FechaNacimiento,DNI,NSS,Sueldo,NumDiasVacaciones,FechaIngreso) VALUES ('IYQI280596ACZRKWS8',332,'Renata','León','Gómez','Revolución',61,'Cuauhtémoc',43014,'2000-06-20','19000517Q',16809347890,6356.05,3,'2010-02-17');
INSERT INTO Gerente(CURPGerente,IDSucursal,Nombre,ApellidoP,ApellidoM,Calle,Numero,Alcaldia,CodigoPostal,FechaNacimiento,DNI,NSS,Sueldo,NumDiasVacaciones,FechaIngreso) VALUES ('SYHJ403041ZRFWLJJ8',333,'Erick','Romero','Valdez','Guerrero',49984,'Miguel Hidalgo',52854,'1985-04-14','32942103D',70883004887,4560.19,5,'2009-12-26');
INSERT INTO Gerente(CURPGerente,IDSucursal,Nombre,ApellidoP,ApellidoM,Calle,Numero,Alcaldia,CodigoPostal,FechaNacimiento,DNI,NSS,Sueldo,NumDiasVacaciones,FechaIngreso) VALUES ('GGOU241887IDNHEUW2',334,'Raúl','Ochoa','Esparza','Álvaro Obregón',8,'Miguel Hidalgo',61997,'1984-07-25','83570830F',34511244919,4364.36,6,'2018-02-21');
INSERT INTO Gerente(CURPGerente,IDSucursal,Nombre,ApellidoP,ApellidoM,Calle,Numero,Alcaldia,CodigoPostal,FechaNacimiento,DNI,NSS,Sueldo,NumDiasVacaciones,FechaIngreso) VALUES ('WCAA109218GWOQFDA1',335,'Fernando','Romero','Figueroa','Miguel Hidalgo',93751,'Álvaro Obregón',18700,'1985-01-19','23667456O',38889640275,6062.09,12,'2002-11-28');
INSERT INTO Gerente(CURPGerente,IDSucursal,Nombre,ApellidoP,ApellidoM,Calle,Numero,Alcaldia,CodigoPostal,FechaNacimiento,DNI,NSS,Sueldo,NumDiasVacaciones,FechaIngreso) VALUES ('EVRF049594PLDCTZI4',336,'Elena','González','Paredes','20 de Noviembre',180,'La Magdalena Contreras',87764,'1991-08-15','49118170X',90113245959,17678.14,3,'2000-11-27');
INSERT INTO Gerente(CURPGerente,IDSucursal,Nombre,ApellidoP,ApellidoM,Calle,Numero,Alcaldia,CodigoPostal,FechaNacimiento,DNI,NSS,Sueldo,NumDiasVacaciones,FechaIngreso) VALUES ('QUYB343106MCKTSAV6',337,'Yesid','Meza','Torres','Álvaro Obregón',071,'Tláhuac',77359,'2004-06-26','71058007P',88882635749,4239.56,10,'2010-04-12');
INSERT INTO Gerente(CURPGerente,IDSucursal,Nombre,ApellidoP,ApellidoM,Calle,Numero,Alcaldia,CodigoPostal,FechaNacimiento,DNI,NSS,Sueldo,NumDiasVacaciones,FechaIngreso) VALUES ('PXCD368839CBQNWRM4',338,'Gabriela','Aguilar','Montes','Tlalpan',988,'Tlalpan',32672,'2004-11-24','16627858Z',64362969950,10976.72,8,'2012-04-21');
INSERT INTO Gerente(CURPGerente,IDSucursal,Nombre,ApellidoP,ApellidoM,Calle,Numero,Alcaldia,CodigoPostal,FechaNacimiento,DNI,NSS,Sueldo,NumDiasVacaciones,FechaIngreso) VALUES ('DTVD394041OXBTLCC9',339,'Marco','Rodríguez','Peña','16 de Septiembre',18271,'Coyoacán',83025,'2000-12-01','71719206D',78128132203,14921.67,6,'2016-04-21');
INSERT INTO Gerente(CURPGerente,IDSucursal,Nombre,ApellidoP,ApellidoM,Calle,Numero,Alcaldia,CodigoPostal,FechaNacimiento,DNI,NSS,Sueldo,NumDiasVacaciones,FechaIngreso) VALUES ('RABC737402MICAAIZ8',340,'Isabella','Torres','Beltrán','Revolución',16,'Iztapalapa',14518,'1985-06-09','27477254N',37897631206,11745.22,10,'2009-12-22');
INSERT INTO Gerente(CURPGerente,IDSucursal,Nombre,ApellidoP,ApellidoM,Calle,Numero,Alcaldia,CodigoPostal,FechaNacimiento,DNI,NSS,Sueldo,NumDiasVacaciones,FechaIngreso) VALUES ('XLJP286405KLXZFHB9',341,'Cynthia','Velázquez','Ibarra','Madero',3093,'Coyoacán',58445,'1988-09-30','75905215U',77377106555,15706.27,9,'2016-02-23');
INSERT INTO Gerente(CURPGerente,IDSucursal,Nombre,ApellidoP,ApellidoM,Calle,Numero,Alcaldia,CodigoPostal,FechaNacimiento,DNI,NSS,Sueldo,NumDiasVacaciones,FechaIngreso) VALUES ('CWVR523978CXZEZZJ0',342,'Claudia','Córdova','Silva','Avenida México',502,'Cuajimalpa de Morelos',83421,'1999-10-18','95494391U',49625880813,15207.46,10,'2016-03-09');
INSERT INTO Gerente(CURPGerente,IDSucursal,Nombre,ApellidoP,ApellidoM,Calle,Numero,Alcaldia,CodigoPostal,FechaNacimiento,DNI,NSS,Sueldo,NumDiasVacaciones,FechaIngreso) VALUES ('LCOH290223VENWXBH8',343,'Yahir','Rivas','Rangel','Constitución',0425,'Cuauhtémoc',95061,'1997-04-08','38907062S',40788726243,12125.22,4,'2018-02-14');
INSERT INTO Gerente(CURPGerente,IDSucursal,Nombre,ApellidoP,ApellidoM,Calle,Numero,Alcaldia,CodigoPostal,FechaNacimiento,DNI,NSS,Sueldo,NumDiasVacaciones,FechaIngreso) VALUES ('TVRP084384LAQQWET0',344,'Paulina','Jiménez','Salazar','Reforma',1,'Venustiano Carranza',22536,'1987-03-06','75545985Q',75591660678,8995.21,2,'2002-11-17');
INSERT INTO Gerente(CURPGerente,IDSucursal,Nombre,ApellidoP,ApellidoM,Calle,Numero,Alcaldia,CodigoPostal,FechaNacimiento,DNI,NSS,Sueldo,NumDiasVacaciones,FechaIngreso) VALUES ('XVYQ294486QMEDXKF5',345,'Zaid','Gómez','Velázquez','Lerdo',1,'Cuajimalpa de Morelos',66794,'2006-09-16','18856608Q',33254259840,13868.58,10,'2007-12-09');
INSERT INTO Gerente(CURPGerente,IDSucursal,Nombre,ApellidoP,ApellidoM,Calle,Numero,Alcaldia,CodigoPostal,FechaNacimiento,DNI,NSS,Sueldo,NumDiasVacaciones,FechaIngreso) VALUES ('JYCB696656BSBFWUO2',346,'Gabriela','Santillán','Morales','López Mateos',2,'Iztacalco',53759,'2004-10-26','51549066Q',84146709636,4470.54,7,'2006-07-24');
INSERT INTO Gerente(CURPGerente,IDSucursal,Nombre,ApellidoP,ApellidoM,Calle,Numero,Alcaldia,CodigoPostal,FechaNacimiento,DNI,NSS,Sueldo,NumDiasVacaciones,FechaIngreso) VALUES ('YZAJ705598HATLBJP9',347,'Jaime','Ochoa','Bernal','Constitución',2413,'Miguel Hidalgo',46820,'2007-10-25','29200716Z',93148558688,17281.05,4,'2003-11-19');
INSERT INTO Gerente(CURPGerente,IDSucursal,Nombre,ApellidoP,ApellidoM,Calle,Numero,Alcaldia,CodigoPostal,FechaNacimiento,DNI,NSS,Sueldo,NumDiasVacaciones,FechaIngreso) VALUES ('AHYQ074341YYTUSND3',348,'Tomás','Méndez','Salazar','Madero',6,'Coyoacán',77138,'1983-11-02','26999592V',65890714766,10568.36,8,'2018-06-15');
INSERT INTO Gerente(CURPGerente,IDSucursal,Nombre,ApellidoP,ApellidoM,Calle,Numero,Alcaldia,CodigoPostal,FechaNacimiento,DNI,NSS,Sueldo,NumDiasVacaciones,FechaIngreso) VALUES ('OGOT847412UEPGHRN9',349,'Luis','Fuentes','Velázquez','Lerdo',94,'Álvaro Obregón',68132,'2006-08-22','49820840Y',73712929588,14381.23,2,'2014-08-30');

-- Población de la tabla CorreoGerente
INSERT INTO CorreoGerente(CURPGerente,Correo) VALUES ('JYDU431087PLYPZNG6','hmaccaddie0@umn.edu');
INSERT INTO CorreoGerente(CURPGerente,Correo) VALUES ('ZVWH184859ITIKILO3','tdean1@theglobeandmail.com');
INSERT INTO CorreoGerente(CURPGerente,Correo) VALUES ('GXOT101656BUJWMND5','tshrieves2@ucoz.com');
INSERT INTO CorreoGerente(CURPGerente,Correo) VALUES ('HNWK912868RWESMJY1','abrotherheed3@google.com.br');
INSERT INTO CorreoGerente(CURPGerente,Correo) VALUES ('LFQM033989KTANEBI3','lmorales4@shareasale.com');
INSERT INTO CorreoGerente(CURPGerente,Correo) VALUES ('PTBN141685FBQFHNA1','glamming5@example.com');
INSERT INTO CorreoGerente(CURPGerente,Correo) VALUES ('WKGR886295ZBCGNLL6','swadley6@cornell.edu');
INSERT INTO CorreoGerente(CURPGerente,Correo) VALUES ('BUCK939203ZXUGIWX1','tvolonte7@foxnews.com');
INSERT INTO CorreoGerente(CURPGerente,Correo) VALUES ('RLRU997792OBMARJD1','khorsted8@prnewswire.com');
INSERT INTO CorreoGerente(CURPGerente,Correo) VALUES ('ILFL000241CZIRDDU5','tdenzilow9@icq.com');
INSERT INTO CorreoGerente(CURPGerente,Correo) VALUES ('CDKO361727GPPERCD2','aburlessa@discuz.net');
INSERT INTO CorreoGerente(CURPGerente,Correo) VALUES ('GOJH107758LJOVWIE9','sfrankishb@purevolume.com');
INSERT INTO CorreoGerente(CURPGerente,Correo) VALUES ('UKGL656975FLZLXTS9','hdymickc@ft.com');
INSERT INTO CorreoGerente(CURPGerente,Correo) VALUES ('RLOF964769JJNNENQ5','earrd@jugem.jp');
INSERT INTO CorreoGerente(CURPGerente,Correo) VALUES ('PQUN171060OEYBUAD4','lskitterale@gravatar.com');
INSERT INTO CorreoGerente(CURPGerente,Correo) VALUES ('AFMP858536YDRFPZA3','mkyndf@topsy.com');
INSERT INTO CorreoGerente(CURPGerente,Correo) VALUES ('MIDX268897PNJKFZW1','maubreyg@acquirethisname.com');
INSERT INTO CorreoGerente(CURPGerente,Correo) VALUES ('XQBA795562XAGZFZO5','wbridgenh@wsj.com');
INSERT INTO CorreoGerente(CURPGerente,Correo) VALUES ('KHSG062468PFRHVOJ0','moglei@flickr.com');
INSERT INTO CorreoGerente(CURPGerente,Correo) VALUES ('YURM078942TJDKLJX0','nlanglaisj@wordpress.org');
INSERT INTO CorreoGerente(CURPGerente,Correo) VALUES ('OBBZ604852JQWHSMN3','nlambolk@globo.com');
INSERT INTO CorreoGerente(CURPGerente,Correo) VALUES ('YWWY115210PJSKBOA6','tbamforthl@webeden.co.uk');
INSERT INTO CorreoGerente(CURPGerente,Correo) VALUES ('JWRE099902PICDJLY5','dbratleym@cnbc.com');
INSERT INTO CorreoGerente(CURPGerente,Correo) VALUES ('LRKL766935PSYIWCT9','tperegrinen@whitehouse.gov');
INSERT INTO CorreoGerente(CURPGerente,Correo) VALUES ('MEQX046046CBNGFAL4','tmattussevicho@tinypic.com');
INSERT INTO CorreoGerente(CURPGerente,Correo) VALUES ('OPPF801580QDXIEMS5','cjainp@goodreads.com');
INSERT INTO CorreoGerente(CURPGerente,Correo) VALUES ('AMHO147868BXWUEIY5','adowthwaiteq@qq.com');
INSERT INTO CorreoGerente(CURPGerente,Correo) VALUES ('KCFM044181WPJYCUL5','fwolfer@youtu.be');
INSERT INTO CorreoGerente(CURPGerente,Correo) VALUES ('AAPF689061FZXJPWG5','echristies@ed.gov');
INSERT INTO CorreoGerente(CURPGerente,Correo) VALUES ('QDYJ208286DNVFGEY5','dmifflint@1688.com');
INSERT INTO CorreoGerente(CURPGerente,Correo) VALUES ('LLSZ328964DGVMDAZ7','tbiaggelliu@free.fr');
INSERT INTO CorreoGerente(CURPGerente,Correo) VALUES ('KGIZ387161NGIAMIP3','abrandsv@illinois.edu');
INSERT INTO CorreoGerente(CURPGerente,Correo) VALUES ('IYQI280596ACZRKWS8','gleworthyw@apache.org');
INSERT INTO CorreoGerente(CURPGerente,Correo) VALUES ('SYHJ403041ZRFWLJJ8','gquarriex@gnu.org');
INSERT INTO CorreoGerente(CURPGerente,Correo) VALUES ('GGOU241887IDNHEUW2','dwinridgey@liveinternet.ru');
INSERT INTO CorreoGerente(CURPGerente,Correo) VALUES ('WCAA109218GWOQFDA1','rpanimanz@tinyurl.com');
INSERT INTO CorreoGerente(CURPGerente,Correo) VALUES ('EVRF049594PLDCTZI4','kferroni10@phpbb.com');
INSERT INTO CorreoGerente(CURPGerente,Correo) VALUES ('QUYB343106MCKTSAV6','cdartnell11@rakuten.co.jp');
INSERT INTO CorreoGerente(CURPGerente,Correo) VALUES ('PXCD368839CBQNWRM4','bterrington12@technorati.com');
INSERT INTO CorreoGerente(CURPGerente,Correo) VALUES ('DTVD394041OXBTLCC9','eoakshott13@delicious.com');
INSERT INTO CorreoGerente(CURPGerente,Correo) VALUES ('RABC737402MICAAIZ8','amerriday14@msn.com');
INSERT INTO CorreoGerente(CURPGerente,Correo) VALUES ('XLJP286405KLXZFHB9','alincke15@msn.com');
INSERT INTO CorreoGerente(CURPGerente,Correo) VALUES ('CWVR523978CXZEZZJ0','mcotilard16@wordpress.com');
INSERT INTO CorreoGerente(CURPGerente,Correo) VALUES ('LCOH290223VENWXBH8','mlitzmann17@mediafire.com');
INSERT INTO CorreoGerente(CURPGerente,Correo) VALUES ('TVRP084384LAQQWET0','arobertson18@businessweek.com');
INSERT INTO CorreoGerente(CURPGerente,Correo) VALUES ('XVYQ294486QMEDXKF5','kparadis19@scientificamerican.com');
INSERT INTO CorreoGerente(CURPGerente,Correo) VALUES ('JYCB696656BSBFWUO2','fsumpter1a@who.int');
INSERT INTO CorreoGerente(CURPGerente,Correo) VALUES ('YZAJ705598HATLBJP9','jlowdeane1b@uiuc.edu');
INSERT INTO CorreoGerente(CURPGerente,Correo) VALUES ('AHYQ074341YYTUSND3','dburns1c@ovh.net');
INSERT INTO CorreoGerente(CURPGerente,Correo) VALUES ('OGOT847412UEPGHRN9','rmcreedy1d@soundcloud.com');

-- Población de la tabla TelefonoGerente
INSERT INTO TelefonoGerente(CURPGerente,Telefono) VALUES ('JYDU431087PLYPZNG6',5540835685);
INSERT INTO TelefonoGerente(CURPGerente,Telefono) VALUES ('ZVWH184859ITIKILO3',5539151652);
INSERT INTO TelefonoGerente(CURPGerente,Telefono) VALUES ('GXOT101656BUJWMND5',5586790516);
INSERT INTO TelefonoGerente(CURPGerente,Telefono) VALUES ('HNWK912868RWESMJY1',5552320229);
INSERT INTO TelefonoGerente(CURPGerente,Telefono) VALUES ('LFQM033989KTANEBI3',5572579737);
INSERT INTO TelefonoGerente(CURPGerente,Telefono) VALUES ('PTBN141685FBQFHNA1',5577273364);
INSERT INTO TelefonoGerente(CURPGerente,Telefono) VALUES ('WKGR886295ZBCGNLL6',5536458443);
INSERT INTO TelefonoGerente(CURPGerente,Telefono) VALUES ('BUCK939203ZXUGIWX1',5563700226);
INSERT INTO TelefonoGerente(CURPGerente,Telefono) VALUES ('RLRU997792OBMARJD1',5587428116);
INSERT INTO TelefonoGerente(CURPGerente,Telefono) VALUES ('ILFL000241CZIRDDU5',5541943834);
INSERT INTO TelefonoGerente(CURPGerente,Telefono) VALUES ('CDKO361727GPPERCD2',5501014285);
INSERT INTO TelefonoGerente(CURPGerente,Telefono) VALUES ('GOJH107758LJOVWIE9',5518764115);
INSERT INTO TelefonoGerente(CURPGerente,Telefono) VALUES ('UKGL656975FLZLXTS9',5569509537);
INSERT INTO TelefonoGerente(CURPGerente,Telefono) VALUES ('RLOF964769JJNNENQ5',5579361340);
INSERT INTO TelefonoGerente(CURPGerente,Telefono) VALUES ('PQUN171060OEYBUAD4',5598087867);
INSERT INTO TelefonoGerente(CURPGerente,Telefono) VALUES ('AFMP858536YDRFPZA3',5550648596);
INSERT INTO TelefonoGerente(CURPGerente,Telefono) VALUES ('MIDX268897PNJKFZW1',5518927290);
INSERT INTO TelefonoGerente(CURPGerente,Telefono) VALUES ('XQBA795562XAGZFZO5',5529182813);
INSERT INTO TelefonoGerente(CURPGerente,Telefono) VALUES ('KHSG062468PFRHVOJ0',5508888831);
INSERT INTO TelefonoGerente(CURPGerente,Telefono) VALUES ('YURM078942TJDKLJX0',5584504324);
INSERT INTO TelefonoGerente(CURPGerente,Telefono) VALUES ('OBBZ604852JQWHSMN3',5556772346);
INSERT INTO TelefonoGerente(CURPGerente,Telefono) VALUES ('YWWY115210PJSKBOA6',5525547854);
INSERT INTO TelefonoGerente(CURPGerente,Telefono) VALUES ('JWRE099902PICDJLY5',5597402708);
INSERT INTO TelefonoGerente(CURPGerente,Telefono) VALUES ('LRKL766935PSYIWCT9',5596423426);
INSERT INTO TelefonoGerente(CURPGerente,Telefono) VALUES ('MEQX046046CBNGFAL4',5502221677);
INSERT INTO TelefonoGerente(CURPGerente,Telefono) VALUES ('OPPF801580QDXIEMS5',5554415751);
INSERT INTO TelefonoGerente(CURPGerente,Telefono) VALUES ('AMHO147868BXWUEIY5',5559495412);
INSERT INTO TelefonoGerente(CURPGerente,Telefono) VALUES ('KCFM044181WPJYCUL5',5559169989);
INSERT INTO TelefonoGerente(CURPGerente,Telefono) VALUES ('AAPF689061FZXJPWG5',5524667642);
INSERT INTO TelefonoGerente(CURPGerente,Telefono) VALUES ('QDYJ208286DNVFGEY5',5514271475);
INSERT INTO TelefonoGerente(CURPGerente,Telefono) VALUES ('LLSZ328964DGVMDAZ7',5551188816);
INSERT INTO TelefonoGerente(CURPGerente,Telefono) VALUES ('KGIZ387161NGIAMIP3',5500326236);
INSERT INTO TelefonoGerente(CURPGerente,Telefono) VALUES ('IYQI280596ACZRKWS8',5557293809);
INSERT INTO TelefonoGerente(CURPGerente,Telefono) VALUES ('SYHJ403041ZRFWLJJ8',5534678732);
INSERT INTO TelefonoGerente(CURPGerente,Telefono) VALUES ('GGOU241887IDNHEUW2',5582382822);
INSERT INTO TelefonoGerente(CURPGerente,Telefono) VALUES ('WCAA109218GWOQFDA1',5583698186);
INSERT INTO TelefonoGerente(CURPGerente,Telefono) VALUES ('EVRF049594PLDCTZI4',5561346054);
INSERT INTO TelefonoGerente(CURPGerente,Telefono) VALUES ('QUYB343106MCKTSAV6',5576623166);
INSERT INTO TelefonoGerente(CURPGerente,Telefono) VALUES ('PXCD368839CBQNWRM4',5507675550);
INSERT INTO TelefonoGerente(CURPGerente,Telefono) VALUES ('DTVD394041OXBTLCC9',5566423112);
INSERT INTO TelefonoGerente(CURPGerente,Telefono) VALUES ('RABC737402MICAAIZ8',5511618501);
INSERT INTO TelefonoGerente(CURPGerente,Telefono) VALUES ('XLJP286405KLXZFHB9',5596113389);
INSERT INTO TelefonoGerente(CURPGerente,Telefono) VALUES ('CWVR523978CXZEZZJ0',5582432337);
INSERT INTO TelefonoGerente(CURPGerente,Telefono) VALUES ('LCOH290223VENWXBH8',5517200561);
INSERT INTO TelefonoGerente(CURPGerente,Telefono) VALUES ('TVRP084384LAQQWET0',5510437406);
INSERT INTO TelefonoGerente(CURPGerente,Telefono) VALUES ('XVYQ294486QMEDXKF5',5510000717);
INSERT INTO TelefonoGerente(CURPGerente,Telefono) VALUES ('JYCB696656BSBFWUO2',5557885839);
INSERT INTO TelefonoGerente(CURPGerente,Telefono) VALUES ('YZAJ705598HATLBJP9',5506168100);
INSERT INTO TelefonoGerente(CURPGerente,Telefono) VALUES ('AHYQ074341YYTUSND3',5574850217);
INSERT INTO TelefonoGerente(CURPGerente,Telefono) VALUES ('OGOT847412UEPGHRN9',5538567250);

-- Población de la tabla Encargado
INSERT INTO Encargado(CURPEncargado,IDSucursal,Nombre,ApellidoP,ApellidoM,Calle,Numero,Alcaldia,CodigoPostal,FechaNacimiento,DNI,NSS,Sueldo,NumDiasVacaciones,FechaIngreso) VALUES ('LOBZ975723GXJBCWQ9',300,'Tomás','Paredes','Vázquez','20 de Noviembre',2,'La Magdalena Contreras',64790,'1990-01-09','21476710L',54823539714,9583.22,6,'2002-06-10');
INSERT INTO Encargado(CURPEncargado,IDSucursal,Nombre,ApellidoP,ApellidoM,Calle,Numero,Alcaldia,CodigoPostal,FechaNacimiento,DNI,NSS,Sueldo,NumDiasVacaciones,FechaIngreso) VALUES ('RJEM015979ISVYPUI9',301,'Ricardo','Romero','López','Venustiano Carranza',00,'Tláhuac',36995,'1988-12-09','77544595P',59473884522,4556.96,12,'2005-06-05');
INSERT INTO Encargado(CURPEncargado,IDSucursal,Nombre,ApellidoP,ApellidoM,Calle,Numero,Alcaldia,CodigoPostal,FechaNacimiento,DNI,NSS,Sueldo,NumDiasVacaciones,FechaIngreso) VALUES ('AHKQ895655DIADROT4',302,'Brenda','Martínez','Corona','Juárez',57705,'La Magdalena Contreras',17075,'1999-11-04','44125263Y',75182681623,3694.73,11,'2003-01-21');
INSERT INTO Encargado(CURPEncargado,IDSucursal,Nombre,ApellidoP,ApellidoM,Calle,Numero,Alcaldia,CodigoPostal,FechaNacimiento,DNI,NSS,Sueldo,NumDiasVacaciones,FechaIngreso) VALUES ('VCPQ852354GSDRSRM0',303,'Marisol','Beltrán','Arellano','5 de Mayo',40023,'Álvaro Obregón',59557,'1982-12-06','61303664X',11319415030,11012.60,9,'2018-09-28');
INSERT INTO Encargado(CURPEncargado,IDSucursal,Nombre,ApellidoP,ApellidoM,Calle,Numero,Alcaldia,CodigoPostal,FechaNacimiento,DNI,NSS,Sueldo,NumDiasVacaciones,FechaIngreso) VALUES ('BCHM970853OADEGIN1',304,'Mario','Padilla','Maldonado','Miguel Hidalgo',83713,'Iztapalapa',61970,'1996-08-28','89506358K',54287121785,5401.67,9,'2018-12-28');
INSERT INTO Encargado(CURPEncargado,IDSucursal,Nombre,ApellidoP,ApellidoM,Calle,Numero,Alcaldia,CodigoPostal,FechaNacimiento,DNI,NSS,Sueldo,NumDiasVacaciones,FechaIngreso) VALUES ('MOLI756447LIHUXMY2',305,'Patricia','Montes','Mendoza','Lerdo',168,'Xochimilco',40975,'2006-10-01','33629280S',34556757047,16457.02,6,'2001-10-25');
INSERT INTO Encargado(CURPEncargado,IDSucursal,Nombre,ApellidoP,ApellidoM,Calle,Numero,Alcaldia,CodigoPostal,FechaNacimiento,DNI,NSS,Sueldo,NumDiasVacaciones,FechaIngreso) VALUES ('HKQS771341TNFXHQT0',306,'Hugo','Hernández','Castro','16 de Septiembre',8797,'Xochimilco',21153,'1993-01-18','34207842S',14120582503,7436.59,9,'2018-07-09');
INSERT INTO Encargado(CURPEncargado,IDSucursal,Nombre,ApellidoP,ApellidoM,Calle,Numero,Alcaldia,CodigoPostal,FechaNacimiento,DNI,NSS,Sueldo,NumDiasVacaciones,FechaIngreso) VALUES ('PVYR695906RYHMDAS0',307,'Vanessa','Morales','Maldonado','Benito Juárez',6431,'Milpa Alta',81495,'1994-08-19','05395022X',94385925728,17064.44,3,'2001-07-30');
INSERT INTO Encargado(CURPEncargado,IDSucursal,Nombre,ApellidoP,ApellidoM,Calle,Numero,Alcaldia,CodigoPostal,FechaNacimiento,DNI,NSS,Sueldo,NumDiasVacaciones,FechaIngreso) VALUES ('XOOH985840BHJKNSM1',308,'Cynthia','Aguilar','Cervantes','Benito Juárez',4,'Cuauhtémoc',38697,'1987-01-05','34622173L',27517075637,3501.47,2,'2009-05-15');
INSERT INTO Encargado(CURPEncargado,IDSucursal,Nombre,ApellidoP,ApellidoM,Calle,Numero,Alcaldia,CodigoPostal,FechaNacimiento,DNI,NSS,Sueldo,NumDiasVacaciones,FechaIngreso) VALUES ('NSYC699757FOHFNBO6',309,'Yair','Pérez','Beltrán','Benito Juárez',326,'Miguel Hidalgo',41132,'2008-05-09','26248099Q',40344851173,10012.92,11,'2014-11-15');
INSERT INTO Encargado(CURPEncargado,IDSucursal,Nombre,ApellidoP,ApellidoM,Calle,Numero,Alcaldia,CodigoPostal,FechaNacimiento,DNI,NSS,Sueldo,NumDiasVacaciones,FechaIngreso) VALUES ('VGNL184186XFKDUPU2',310,'Rodrigo','Pacheco','Sánchez','Madero',19,'Cuauhtémoc',70612,'2008-04-14','66984120D',19694114346,8785.63,2,'2000-02-10');
INSERT INTO Encargado(CURPEncargado,IDSucursal,Nombre,ApellidoP,ApellidoM,Calle,Numero,Alcaldia,CodigoPostal,FechaNacimiento,DNI,NSS,Sueldo,NumDiasVacaciones,FechaIngreso) VALUES ('QDOF572050SMKAKZW5',311,'José','Mendoza','Flores','Guerrero',98,'Gustavo A. Madero',59023,'2004-07-18','51515434K',27815309772,8982.13,8,'2001-06-23');
INSERT INTO Encargado(CURPEncargado,IDSucursal,Nombre,ApellidoP,ApellidoM,Calle,Numero,Alcaldia,CodigoPostal,FechaNacimiento,DNI,NSS,Sueldo,NumDiasVacaciones,FechaIngreso) VALUES ('MJNA277178HQVFITQ2',312,'Adrián','Cervantes','Ruiz','Hidalgo',120,'Iztacalco',47051,'1985-04-28','31971966A',65146498011,3561.86,10,'2019-01-27');
INSERT INTO Encargado(CURPEncargado,IDSucursal,Nombre,ApellidoP,ApellidoM,Calle,Numero,Alcaldia,CodigoPostal,FechaNacimiento,DNI,NSS,Sueldo,NumDiasVacaciones,FechaIngreso) VALUES ('UMPN391687EEPVRAP2',313,'Pedro','Acosta','Torres','Reforma',6,'Gustavo A. Madero',79211,'2002-07-02','02815299Z',53305738176,17177.90,12,'2001-10-16');
INSERT INTO Encargado(CURPEncargado,IDSucursal,Nombre,ApellidoP,ApellidoM,Calle,Numero,Alcaldia,CodigoPostal,FechaNacimiento,DNI,NSS,Sueldo,NumDiasVacaciones,FechaIngreso) VALUES ('LORE851565QABFPQW6',314,'Pedro','Del Río','Ramos','Álvaro Obregón',58183,'Álvaro Obregón',80995,'1986-10-26','53304888M',23306519161,5606.42,6,'2017-12-18');
INSERT INTO Encargado(CURPEncargado,IDSucursal,Nombre,ApellidoP,ApellidoM,Calle,Numero,Alcaldia,CodigoPostal,FechaNacimiento,DNI,NSS,Sueldo,NumDiasVacaciones,FechaIngreso) VALUES ('NWBA641592TLAHQJL6',315,'Jaime','Jiménez','Medina','Tlalpan',60250,'Milpa Alta',12487,'2004-11-01','92181986M',65399791206,7092.41,8,'2003-08-15');
INSERT INTO Encargado(CURPEncargado,IDSucursal,Nombre,ApellidoP,ApellidoM,Calle,Numero,Alcaldia,CodigoPostal,FechaNacimiento,DNI,NSS,Sueldo,NumDiasVacaciones,FechaIngreso) VALUES ('RVZH926105OJITNFC3',316,'Marisol','Guzmán','Ruiz','5 de Mayo',77610,'Cuajimalpa de Morelos',96443,'1980-05-08','59993775L',98248915060,10723.58,8,'2011-06-15');
INSERT INTO Encargado(CURPEncargado,IDSucursal,Nombre,ApellidoP,ApellidoM,Calle,Numero,Alcaldia,CodigoPostal,FechaNacimiento,DNI,NSS,Sueldo,NumDiasVacaciones,FechaIngreso) VALUES ('VENH150308NDDFLUN9',317,'Martín','Esquivel','Figueroa','Miguel Hidalgo',51,'Milpa Alta',47493,'1992-04-17','84863163Q',86722663448,7857.94,5,'2012-10-30');
INSERT INTO Encargado(CURPEncargado,IDSucursal,Nombre,ApellidoP,ApellidoM,Calle,Numero,Alcaldia,CodigoPostal,FechaNacimiento,DNI,NSS,Sueldo,NumDiasVacaciones,FechaIngreso) VALUES ('NGDM323240NQEEXMG0',318,'Alonso','Andrade','Silva','Reforma',0,'Azcapotzalco',32945,'2010-02-23','53191690D',40664940245,17081.96,5,'2013-01-07');
INSERT INTO Encargado(CURPEncargado,IDSucursal,Nombre,ApellidoP,ApellidoM,Calle,Numero,Alcaldia,CodigoPostal,FechaNacimiento,DNI,NSS,Sueldo,NumDiasVacaciones,FechaIngreso) VALUES ('DYAP711254JEQMDQJ7',319,'Yahir','Soto','Padilla','Nezahualcóyotl',2641,'La Magdalena Contreras',11494,'1989-08-02','72905394X',36538661381,3366.82,2,'2015-08-25');
INSERT INTO Encargado(CURPEncargado,IDSucursal,Nombre,ApellidoP,ApellidoM,Calle,Numero,Alcaldia,CodigoPostal,FechaNacimiento,DNI,NSS,Sueldo,NumDiasVacaciones,FechaIngreso) VALUES ('WKRN957402BADHDWX8',320,'Fernando','Carmona','Vargas','Hidalgo',7,'Miguel Hidalgo',98392,'2003-01-05','43768218P',67949508879,6477.37,11,'2018-02-17');
INSERT INTO Encargado(CURPEncargado,IDSucursal,Nombre,ApellidoP,ApellidoM,Calle,Numero,Alcaldia,CodigoPostal,FechaNacimiento,DNI,NSS,Sueldo,NumDiasVacaciones,FechaIngreso) VALUES ('AFWZ148992STZQLMK9',321,'Natalia','Pérez','Méndez','Reforma',99,'Gustavo A. Madero',56749,'2001-07-05','87518481W',71249442448,4177.13,6,'2016-04-07');
INSERT INTO Encargado(CURPEncargado,IDSucursal,Nombre,ApellidoP,ApellidoM,Calle,Numero,Alcaldia,CodigoPostal,FechaNacimiento,DNI,NSS,Sueldo,NumDiasVacaciones,FechaIngreso) VALUES ('IQUD536804YTGJKMG1',322,'Erick','Cervantes','Osorio','Lerdo',7,'La Magdalena Contreras',74395,'1988-05-24','32874839N',25390746366,14427.54,12,'2002-04-10');
INSERT INTO Encargado(CURPEncargado,IDSucursal,Nombre,ApellidoP,ApellidoM,Calle,Numero,Alcaldia,CodigoPostal,FechaNacimiento,DNI,NSS,Sueldo,NumDiasVacaciones,FechaIngreso) VALUES ('YJWO714692IHAXULY1',323,'Nancy','Esparza','Silva','Venustiano Carranza',2,'Xochimilco',78285,'1997-05-16','47320187C',27000218894,8765.09,2,'2000-07-28');
INSERT INTO Encargado(CURPEncargado,IDSucursal,Nombre,ApellidoP,ApellidoM,Calle,Numero,Alcaldia,CodigoPostal,FechaNacimiento,DNI,NSS,Sueldo,NumDiasVacaciones,FechaIngreso) VALUES ('BRRX189926DPXNTHR6',324,'Lucía','Morales','Miranda','Obregón',6134,'Cuauhtémoc',48675,'2000-05-30','91861938L',79808042433,9316.09,8,'2014-04-25');
INSERT INTO Encargado(CURPEncargado,IDSucursal,Nombre,ApellidoP,ApellidoM,Calle,Numero,Alcaldia,CodigoPostal,FechaNacimiento,DNI,NSS,Sueldo,NumDiasVacaciones,FechaIngreso) VALUES ('OGDF935326ACJNJOV8',325,'Adrián','Valdez','Medina','Revolución',182,'Tlalpan',57104,'1989-11-04','92566762E',95887145018,14578.13,4,'2002-12-18');
INSERT INTO Encargado(CURPEncargado,IDSucursal,Nombre,ApellidoP,ApellidoM,Calle,Numero,Alcaldia,CodigoPostal,FechaNacimiento,DNI,NSS,Sueldo,NumDiasVacaciones,FechaIngreso) VALUES ('DRJH084861DDKFHYH9',326,'Julio','Nava','Cárdenas','López Mateos',671,'Benito Juárez',21975,'2003-05-25','92506359O',68517296783,17998.74,4,'2005-02-22');
INSERT INTO Encargado(CURPEncargado,IDSucursal,Nombre,ApellidoP,ApellidoM,Calle,Numero,Alcaldia,CodigoPostal,FechaNacimiento,DNI,NSS,Sueldo,NumDiasVacaciones,FechaIngreso) VALUES ('EAVA361147ORSVUJX8',327,'Monserrat','Cruz','Rangel','Vicente Guerrero',6,'Álvaro Obregón',94733,'1986-02-05','82651326D',41268182491,15297.20,9,'2006-11-10');
INSERT INTO Encargado(CURPEncargado,IDSucursal,Nombre,ApellidoP,ApellidoM,Calle,Numero,Alcaldia,CodigoPostal,FechaNacimiento,DNI,NSS,Sueldo,NumDiasVacaciones,FechaIngreso) VALUES ('OAWE536850KFJGYRA2',328,'Emma','Bautista','Fuentes','Revolución',4,'Cuajimalpa de Morelos',16728,'1988-01-28','20083303W',23816439460,8446.63,12,'2018-03-26');
INSERT INTO Encargado(CURPEncargado,IDSucursal,Nombre,ApellidoP,ApellidoM,Calle,Numero,Alcaldia,CodigoPostal,FechaNacimiento,DNI,NSS,Sueldo,NumDiasVacaciones,FechaIngreso) VALUES ('JBVX663388YYNLMZT0',329,'Zaid','Morales','Valdez','Revolución',60275,'Tlalpan',48686,'1983-05-26','97457340K',57854896773,14750.76,10,'2009-09-01');
INSERT INTO Encargado(CURPEncargado,IDSucursal,Nombre,ApellidoP,ApellidoM,Calle,Numero,Alcaldia,CodigoPostal,FechaNacimiento,DNI,NSS,Sueldo,NumDiasVacaciones,FechaIngreso) VALUES ('NQHN247074UEIRLDC4',330,'Samantha','Sánchez','Flores','Allende',5054,'Cuajimalpa de Morelos',86533,'2007-05-10','77949667P',77871077818,12331.94,9,'2012-02-18');
INSERT INTO Encargado(CURPEncargado,IDSucursal,Nombre,ApellidoP,ApellidoM,Calle,Numero,Alcaldia,CodigoPostal,FechaNacimiento,DNI,NSS,Sueldo,NumDiasVacaciones,FechaIngreso) VALUES ('CYCO188089BNUERWI3',331,'Rodrigo','Espinoza','Velázquez','Obregón',4359,'Milpa Alta',80776,'1994-03-25','69299727K',91757282562,15155.02,3,'2008-12-15');
INSERT INTO Encargado(CURPEncargado,IDSucursal,Nombre,ApellidoP,ApellidoM,Calle,Numero,Alcaldia,CodigoPostal,FechaNacimiento,DNI,NSS,Sueldo,NumDiasVacaciones,FechaIngreso) VALUES ('RMYS887557PXJWRFU1',332,'Eduardo','Carmona','Soto','Reforma',0990,'Coyoacán',88546,'1998-05-06','91799493T',30099900391,4563.19,7,'2008-01-24');
INSERT INTO Encargado(CURPEncargado,IDSucursal,Nombre,ApellidoP,ApellidoM,Calle,Numero,Alcaldia,CodigoPostal,FechaNacimiento,DNI,NSS,Sueldo,NumDiasVacaciones,FechaIngreso) VALUES ('XDUV152651UVPPQYW2',333,'Alberto','Morales','Velázquez','Cuauhtémoc',39279,'Tlalpan',58565,'1983-09-14','50230836F',59188136881,4934.07,10,'2018-11-27');
INSERT INTO Encargado(CURPEncargado,IDSucursal,Nombre,ApellidoP,ApellidoM,Calle,Numero,Alcaldia,CodigoPostal,FechaNacimiento,DNI,NSS,Sueldo,NumDiasVacaciones,FechaIngreso) VALUES ('TDQR571188GOHCJCJ5',334,'Carolina','Vargas','Arellano','Miguel Hidalgo',692,'Álvaro Obregón',18580,'2010-01-21','16322970D',30419480034,11810.29,12,'2018-11-30');
INSERT INTO Encargado(CURPEncargado,IDSucursal,Nombre,ApellidoP,ApellidoM,Calle,Numero,Alcaldia,CodigoPostal,FechaNacimiento,DNI,NSS,Sueldo,NumDiasVacaciones,FechaIngreso) VALUES ('EHKB113406EKDTLLN6',335,'Raúl','Peña','Ramos','Cuauhtémoc',8,'Benito Juárez',83932,'1991-10-22','86412434A',85884810151,9771.59,12,'2014-01-26');
INSERT INTO Encargado(CURPEncargado,IDSucursal,Nombre,ApellidoP,ApellidoM,Calle,Numero,Alcaldia,CodigoPostal,FechaNacimiento,DNI,NSS,Sueldo,NumDiasVacaciones,FechaIngreso) VALUES ('XOGJ883765IMNNGXQ8',336,'David','Cruz','Aguilar','Vicente Guerrero',99,'Miguel Hidalgo',60552,'1989-04-18','62323005V',43395202375,10948.10,9,'2005-03-16');
INSERT INTO Encargado(CURPEncargado,IDSucursal,Nombre,ApellidoP,ApellidoM,Calle,Numero,Alcaldia,CodigoPostal,FechaNacimiento,DNI,NSS,Sueldo,NumDiasVacaciones,FechaIngreso) VALUES ('PHBH343756CJYBQTL9',337,'David','Espinoza','Méndez','Lerdo',79011,'Coyoacán',87055,'1997-04-12','92566729J',11233213808,17872.93,5,'2012-07-31');
INSERT INTO Encargado(CURPEncargado,IDSucursal,Nombre,ApellidoP,ApellidoM,Calle,Numero,Alcaldia,CodigoPostal,FechaNacimiento,DNI,NSS,Sueldo,NumDiasVacaciones,FechaIngreso) VALUES ('QGPW549770ZJOPGMH4',338,'Marco','Acosta','Delgado','Tlalpan',17,'La Magdalena Contreras',69019,'1994-01-19','41204408X',17647860808,5097.65,2,'2008-10-29');
INSERT INTO Encargado(CURPEncargado,IDSucursal,Nombre,ApellidoP,ApellidoM,Calle,Numero,Alcaldia,CodigoPostal,FechaNacimiento,DNI,NSS,Sueldo,NumDiasVacaciones,FechaIngreso) VALUES ('ANDC688574COAYIYB2',339,'Carlos','Meza','Islas','Constitución',722,'Milpa Alta',66089,'2004-10-15','96136641S',53492745259,11159.19,4,'2004-01-28');
INSERT INTO Encargado(CURPEncargado,IDSucursal,Nombre,ApellidoP,ApellidoM,Calle,Numero,Alcaldia,CodigoPostal,FechaNacimiento,DNI,NSS,Sueldo,NumDiasVacaciones,FechaIngreso) VALUES ('TWCS170970VPQCCUA0',340,'Nancy','Salazar','Cisneros','Obregón',795,'Coyoacán',77938,'2003-01-27','47880150L',11475909761,8223.61,7,'2017-11-17');
INSERT INTO Encargado(CURPEncargado,IDSucursal,Nombre,ApellidoP,ApellidoM,Calle,Numero,Alcaldia,CodigoPostal,FechaNacimiento,DNI,NSS,Sueldo,NumDiasVacaciones,FechaIngreso) VALUES ('CONU760789BSSXTEP1',341,'Cynthia','Hernández','León','Lerdo',21,'Coyoacán',44543,'1989-03-25','10888482B',33526351113,17199.52,7,'2012-11-09');
INSERT INTO Encargado(CURPEncargado,IDSucursal,Nombre,ApellidoP,ApellidoM,Calle,Numero,Alcaldia,CodigoPostal,FechaNacimiento,DNI,NSS,Sueldo,NumDiasVacaciones,FechaIngreso) VALUES ('GINM901272GPZDGGE1',342,'Alicia','Santillán','Cisneros','5 de Mayo',8,'Milpa Alta',10472,'1994-11-07','29481191C',80372561007,10541.02,3,'2010-01-09');
INSERT INTO Encargado(CURPEncargado,IDSucursal,Nombre,ApellidoP,ApellidoM,Calle,Numero,Alcaldia,CodigoPostal,FechaNacimiento,DNI,NSS,Sueldo,NumDiasVacaciones,FechaIngreso) VALUES ('PNKY111789SNNLDDH4',343,'Adrián','Luna','Pineda','López Mateos',3983,'Xochimilco',40442,'2001-03-20','36369085H',24034774476,9614.10,5,'2010-01-20');
INSERT INTO Encargado(CURPEncargado,IDSucursal,Nombre,ApellidoP,ApellidoM,Calle,Numero,Alcaldia,CodigoPostal,FechaNacimiento,DNI,NSS,Sueldo,NumDiasVacaciones,FechaIngreso) VALUES ('YURW619105HUGYSXP1',344,'Mauricio','Bernal','González','Allende',944,'Gustavo A. Madero',71571,'2005-02-12','78675048G',70413874203,14767.68,5,'2002-02-26');
INSERT INTO Encargado(CURPEncargado,IDSucursal,Nombre,ApellidoP,ApellidoM,Calle,Numero,Alcaldia,CodigoPostal,FechaNacimiento,DNI,NSS,Sueldo,NumDiasVacaciones,FechaIngreso) VALUES ('ZVVE718573RRGMROT9',345,'Benjamín','Osorio','Fuentes','Revolución',5982,'Cuauhtémoc',20582,'2004-08-11','55047686M',21290571653,6912.85,7,'2006-03-16');
INSERT INTO Encargado(CURPEncargado,IDSucursal,Nombre,ApellidoP,ApellidoM,Calle,Numero,Alcaldia,CodigoPostal,FechaNacimiento,DNI,NSS,Sueldo,NumDiasVacaciones,FechaIngreso) VALUES ('ZBKC669482CWFMQTX4',346,'Marco','Arellano','Maldonado','Palmas',08337,'Iztacalco',15456,'1997-06-10','62537032N',27086675748,11798.00,9,'2007-12-11');
INSERT INTO Encargado(CURPEncargado,IDSucursal,Nombre,ApellidoP,ApellidoM,Calle,Numero,Alcaldia,CodigoPostal,FechaNacimiento,DNI,NSS,Sueldo,NumDiasVacaciones,FechaIngreso) VALUES ('QMTI462332MLXRCFE1',347,'Christopher','Rangel','Islas','Cuauhtémoc',2,'Iztapalapa',30248,'1986-12-25','52112033V',69219917494,13708.04,2,'2015-08-04');
INSERT INTO Encargado(CURPEncargado,IDSucursal,Nombre,ApellidoP,ApellidoM,Calle,Numero,Alcaldia,CodigoPostal,FechaNacimiento,DNI,NSS,Sueldo,NumDiasVacaciones,FechaIngreso) VALUES ('BAEP120826MDPXXNM2',348,'Pedro','Nava','García','Constitución',6,'Iztapalapa',51367,'1990-05-13','93267438R',97856917670,6987.61,4,'2015-08-18');
INSERT INTO Encargado(CURPEncargado,IDSucursal,Nombre,ApellidoP,ApellidoM,Calle,Numero,Alcaldia,CodigoPostal,FechaNacimiento,DNI,NSS,Sueldo,NumDiasVacaciones,FechaIngreso) VALUES ('QBMG804439JMUAQPB0',349,'Julieta','Gómez','Del Río','Madero',98566,'Azcapotzalco',96628,'2009-06-18','08262116Q',50359007695,4091.58,5,'2011-04-11');

-- Población de la tabla CorreoEncargado
INSERT INTO CorreoEncargado(CURPEncargado,Correo) VALUES ('LOBZ975723GXJBCWQ9','mperkins0@hp.com');
INSERT INTO CorreoEncargado(CURPEncargado,Correo) VALUES ('RJEM015979ISVYPUI9','mantonetti1@upenn.edu');
INSERT INTO CorreoEncargado(CURPEncargado,Correo) VALUES ('AHKQ895655DIADROT4','evallow2@china.com.cn');
INSERT INTO CorreoEncargado(CURPEncargado,Correo) VALUES ('VCPQ852354GSDRSRM0','amartschke3@redcross.org');
INSERT INTO CorreoEncargado(CURPEncargado,Correo) VALUES ('BCHM970853OADEGIN1','clenihan4@wsj.com');
INSERT INTO CorreoEncargado(CURPEncargado,Correo) VALUES ('MOLI756447LIHUXMY2','sscothorn5@dell.com');
INSERT INTO CorreoEncargado(CURPEncargado,Correo) VALUES ('HKQS771341TNFXHQT0','rtrill6@businessinsider.com');
INSERT INTO CorreoEncargado(CURPEncargado,Correo) VALUES ('PVYR695906RYHMDAS0','qjolly7@usa.gov');
INSERT INTO CorreoEncargado(CURPEncargado,Correo) VALUES ('XOOH985840BHJKNSM1','fblackhall8@gravatar.com');
INSERT INTO CorreoEncargado(CURPEncargado,Correo) VALUES ('NSYC699757FOHFNBO6','jdefilippi9@sun.com');
INSERT INTO CorreoEncargado(CURPEncargado,Correo) VALUES ('VGNL184186XFKDUPU2','rglendzaa@godaddy.com');
INSERT INTO CorreoEncargado(CURPEncargado,Correo) VALUES ('QDOF572050SMKAKZW5','jkunnekeb@miitbeian.gov.cn');
INSERT INTO CorreoEncargado(CURPEncargado,Correo) VALUES ('MJNA277178HQVFITQ2','sbryettc@multiply.com');
INSERT INTO CorreoEncargado(CURPEncargado,Correo) VALUES ('UMPN391687EEPVRAP2','smigheled@telegraph.co.uk');
INSERT INTO CorreoEncargado(CURPEncargado,Correo) VALUES ('LORE851565QABFPQW6','tatkinsone@go.com');
INSERT INTO CorreoEncargado(CURPEncargado,Correo) VALUES ('NWBA641592TLAHQJL6','jmattiussif@cbc.ca');
INSERT INTO CorreoEncargado(CURPEncargado,Correo) VALUES ('RVZH926105OJITNFC3','gdorrog@berkeley.edu');
INSERT INTO CorreoEncargado(CURPEncargado,Correo) VALUES ('VENH150308NDDFLUN9','nmoseyh@eventbrite.com');
INSERT INTO CorreoEncargado(CURPEncargado,Correo) VALUES ('NGDM323240NQEEXMG0','mlucioi@issuu.com');
INSERT INTO CorreoEncargado(CURPEncargado,Correo) VALUES ('DYAP711254JEQMDQJ7','nwaudj@bbc.co.uk');
INSERT INTO CorreoEncargado(CURPEncargado,Correo) VALUES ('WKRN957402BADHDWX8','fweighk@squidoo.com');
INSERT INTO CorreoEncargado(CURPEncargado,Correo) VALUES ('AFWZ148992STZQLMK9','abaldreel@free.fr');
INSERT INTO CorreoEncargado(CURPEncargado,Correo) VALUES ('IQUD536804YTGJKMG1','syakhinm@sphinn.com');
INSERT INTO CorreoEncargado(CURPEncargado,Correo) VALUES ('YJWO714692IHAXULY1','jwalickin@patch.com');
INSERT INTO CorreoEncargado(CURPEncargado,Correo) VALUES ('BRRX189926DPXNTHR6','lfellgateo@craigslist.org');
INSERT INTO CorreoEncargado(CURPEncargado,Correo) VALUES ('OGDF935326ACJNJOV8','aducaenp@omniture.com');
INSERT INTO CorreoEncargado(CURPEncargado,Correo) VALUES ('DRJH084861DDKFHYH9','wevettsq@themeforest.net');
INSERT INTO CorreoEncargado(CURPEncargado,Correo) VALUES ('EAVA361147ORSVUJX8','bridgewayr@histats.com');
INSERT INTO CorreoEncargado(CURPEncargado,Correo) VALUES ('OAWE536850KFJGYRA2','astiles@xing.com');
INSERT INTO CorreoEncargado(CURPEncargado,Correo) VALUES ('JBVX663388YYNLMZT0','mmogglet@sohu.com');
INSERT INTO CorreoEncargado(CURPEncargado,Correo) VALUES ('NQHN247074UEIRLDC4','dskirrowu@google.fr');
INSERT INTO CorreoEncargado(CURPEncargado,Correo) VALUES ('CYCO188089BNUERWI3','ringremv@dagondesign.com');
INSERT INTO CorreoEncargado(CURPEncargado,Correo) VALUES ('RMYS887557PXJWRFU1','jnekrewsw@i2i.jp');
INSERT INTO CorreoEncargado(CURPEncargado,Correo) VALUES ('XDUV152651UVPPQYW2','lkybirdx@addthis.com');
INSERT INTO CorreoEncargado(CURPEncargado,Correo) VALUES ('TDQR571188GOHCJCJ5','hboulstridgey@rakuten.co.jp');
INSERT INTO CorreoEncargado(CURPEncargado,Correo) VALUES ('EHKB113406EKDTLLN6','wsanzioz@nbcnews.com');
INSERT INTO CorreoEncargado(CURPEncargado,Correo) VALUES ('XOGJ883765IMNNGXQ8','rcockran10@example.com');
INSERT INTO CorreoEncargado(CURPEncargado,Correo) VALUES ('PHBH343756CJYBQTL9','eclohessy11@fc2.com');
INSERT INTO CorreoEncargado(CURPEncargado,Correo) VALUES ('QGPW549770ZJOPGMH4','sberick12@google.de');
INSERT INTO CorreoEncargado(CURPEncargado,Correo) VALUES ('ANDC688574COAYIYB2','klongthorn13@naver.com');
INSERT INTO CorreoEncargado(CURPEncargado,Correo) VALUES ('TWCS170970VPQCCUA0','mdunbar14@sitemeter.com');
INSERT INTO CorreoEncargado(CURPEncargado,Correo) VALUES ('CONU760789BSSXTEP1','fbradborne15@geocities.jp');
INSERT INTO CorreoEncargado(CURPEncargado,Correo) VALUES ('GINM901272GPZDGGE1','vbrecknall16@gnu.org');
INSERT INTO CorreoEncargado(CURPEncargado,Correo) VALUES ('PNKY111789SNNLDDH4','chatherley17@flavors.me');
INSERT INTO CorreoEncargado(CURPEncargado,Correo) VALUES ('YURW619105HUGYSXP1','bosipov18@globo.com');
INSERT INTO CorreoEncargado(CURPEncargado,Correo) VALUES ('ZVVE718573RRGMROT9','ggregorio19@acquirethisname.com');
INSERT INTO CorreoEncargado(CURPEncargado,Correo) VALUES ('ZBKC669482CWFMQTX4','lislip1a@google.ru');
INSERT INTO CorreoEncargado(CURPEncargado,Correo) VALUES ('QMTI462332MLXRCFE1','dlorrimer1b@prweb.com');
INSERT INTO CorreoEncargado(CURPEncargado,Correo) VALUES ('BAEP120826MDPXXNM2','hleathe1c@yahoo.com');
INSERT INTO CorreoEncargado(CURPEncargado,Correo) VALUES ('QBMG804439JMUAQPB0','mphippen1d@arstechnica.com');

-- Población de la tabla TelefonoEncargado
INSERT INTO TelefonoEncargado(CURPEncargado,Telefono) VALUES ('LOBZ975723GXJBCWQ9',5501287230);
INSERT INTO TelefonoEncargado(CURPEncargado,Telefono) VALUES ('RJEM015979ISVYPUI9',5575714162);
INSERT INTO TelefonoEncargado(CURPEncargado,Telefono) VALUES ('AHKQ895655DIADROT4',5515755295);
INSERT INTO TelefonoEncargado(CURPEncargado,Telefono) VALUES ('VCPQ852354GSDRSRM0',5512209568);
INSERT INTO TelefonoEncargado(CURPEncargado,Telefono) VALUES ('BCHM970853OADEGIN1',5531061098);
INSERT INTO TelefonoEncargado(CURPEncargado,Telefono) VALUES ('MOLI756447LIHUXMY2',5597222692);
INSERT INTO TelefonoEncargado(CURPEncargado,Telefono) VALUES ('HKQS771341TNFXHQT0',5520619209);
INSERT INTO TelefonoEncargado(CURPEncargado,Telefono) VALUES ('PVYR695906RYHMDAS0',5511561778);
INSERT INTO TelefonoEncargado(CURPEncargado,Telefono) VALUES ('XOOH985840BHJKNSM1',5592947959);
INSERT INTO TelefonoEncargado(CURPEncargado,Telefono) VALUES ('NSYC699757FOHFNBO6',5500560128);
INSERT INTO TelefonoEncargado(CURPEncargado,Telefono) VALUES ('VGNL184186XFKDUPU2',5543438406);
INSERT INTO TelefonoEncargado(CURPEncargado,Telefono) VALUES ('QDOF572050SMKAKZW5',5584819489);
INSERT INTO TelefonoEncargado(CURPEncargado,Telefono) VALUES ('MJNA277178HQVFITQ2',5531975700);
INSERT INTO TelefonoEncargado(CURPEncargado,Telefono) VALUES ('UMPN391687EEPVRAP2',5583252952);
INSERT INTO TelefonoEncargado(CURPEncargado,Telefono) VALUES ('LORE851565QABFPQW6',5580282862);
INSERT INTO TelefonoEncargado(CURPEncargado,Telefono) VALUES ('NWBA641592TLAHQJL6',5528432024);
INSERT INTO TelefonoEncargado(CURPEncargado,Telefono) VALUES ('RVZH926105OJITNFC3',5594520264);
INSERT INTO TelefonoEncargado(CURPEncargado,Telefono) VALUES ('VENH150308NDDFLUN9',5572045422);
INSERT INTO TelefonoEncargado(CURPEncargado,Telefono) VALUES ('NGDM323240NQEEXMG0',5544557508);
INSERT INTO TelefonoEncargado(CURPEncargado,Telefono) VALUES ('DYAP711254JEQMDQJ7',5580497438);
INSERT INTO TelefonoEncargado(CURPEncargado,Telefono) VALUES ('WKRN957402BADHDWX8',5527816091);
INSERT INTO TelefonoEncargado(CURPEncargado,Telefono) VALUES ('AFWZ148992STZQLMK9',5508410656);
INSERT INTO TelefonoEncargado(CURPEncargado,Telefono) VALUES ('IQUD536804YTGJKMG1',5590266074);
INSERT INTO TelefonoEncargado(CURPEncargado,Telefono) VALUES ('YJWO714692IHAXULY1',5551085252);
INSERT INTO TelefonoEncargado(CURPEncargado,Telefono) VALUES ('BRRX189926DPXNTHR6',5502900868);
INSERT INTO TelefonoEncargado(CURPEncargado,Telefono) VALUES ('OGDF935326ACJNJOV8',5510332813);
INSERT INTO TelefonoEncargado(CURPEncargado,Telefono) VALUES ('DRJH084861DDKFHYH9',5587635105);
INSERT INTO TelefonoEncargado(CURPEncargado,Telefono) VALUES ('EAVA361147ORSVUJX8',5560730952);
INSERT INTO TelefonoEncargado(CURPEncargado,Telefono) VALUES ('OAWE536850KFJGYRA2',5551516139);
INSERT INTO TelefonoEncargado(CURPEncargado,Telefono) VALUES ('JBVX663388YYNLMZT0',5574482024);
INSERT INTO TelefonoEncargado(CURPEncargado,Telefono) VALUES ('NQHN247074UEIRLDC4',5540450097);
INSERT INTO TelefonoEncargado(CURPEncargado,Telefono) VALUES ('CYCO188089BNUERWI3',5507947772);
INSERT INTO TelefonoEncargado(CURPEncargado,Telefono) VALUES ('RMYS887557PXJWRFU1',5515615382);
INSERT INTO TelefonoEncargado(CURPEncargado,Telefono) VALUES ('XDUV152651UVPPQYW2',5596054825);
INSERT INTO TelefonoEncargado(CURPEncargado,Telefono) VALUES ('TDQR571188GOHCJCJ5',5573318317);
INSERT INTO TelefonoEncargado(CURPEncargado,Telefono) VALUES ('EHKB113406EKDTLLN6',5586443225);
INSERT INTO TelefonoEncargado(CURPEncargado,Telefono) VALUES ('XOGJ883765IMNNGXQ8',5508577894);
INSERT INTO TelefonoEncargado(CURPEncargado,Telefono) VALUES ('PHBH343756CJYBQTL9',5549839939);
INSERT INTO TelefonoEncargado(CURPEncargado,Telefono) VALUES ('QGPW549770ZJOPGMH4',5552616021);
INSERT INTO TelefonoEncargado(CURPEncargado,Telefono) VALUES ('ANDC688574COAYIYB2',5562301742);
INSERT INTO TelefonoEncargado(CURPEncargado,Telefono) VALUES ('TWCS170970VPQCCUA0',5546176851);
INSERT INTO TelefonoEncargado(CURPEncargado,Telefono) VALUES ('CONU760789BSSXTEP1',5531474070);
INSERT INTO TelefonoEncargado(CURPEncargado,Telefono) VALUES ('GINM901272GPZDGGE1',5532238445);
INSERT INTO TelefonoEncargado(CURPEncargado,Telefono) VALUES ('PNKY111789SNNLDDH4',5567522196);
INSERT INTO TelefonoEncargado(CURPEncargado,Telefono) VALUES ('YURW619105HUGYSXP1',5512454892);
INSERT INTO TelefonoEncargado(CURPEncargado,Telefono) VALUES ('ZVVE718573RRGMROT9',5504180707);
INSERT INTO TelefonoEncargado(CURPEncargado,Telefono) VALUES ('ZBKC669482CWFMQTX4',5508918147);
INSERT INTO TelefonoEncargado(CURPEncargado,Telefono) VALUES ('QMTI462332MLXRCFE1',5549625070);
INSERT INTO TelefonoEncargado(CURPEncargado,Telefono) VALUES ('BAEP120826MDPXXNM2',5583669151);
INSERT INTO TelefonoEncargado(CURPEncargado,Telefono) VALUES ('QBMG804439JMUAQPB0',5555770966);

-- Población de la tabla Venta
INSERT INTO Venta(IDVenta,CURPCliente,CURPCajero,IDSucursal,NombreCliente,NombreCajero,NombreSucursal) VALUES (34,'UFBH153244HTXXVNN5','VIOX223362LDGERMV1',300,'Yesid','Yair','Xochimilco');
INSERT INTO Venta(IDVenta,CURPCliente,CURPCajero,IDSucursal,NombreCliente,NombreCajero,NombreSucursal) VALUES (35,'FQYC160442LUHIMPF6','WLGE467268VUSUCZP6',301,'Ricardo','Alicia','Xochimilco');
INSERT INTO Venta(IDVenta,CURPCliente,CURPCajero,IDSucursal,NombreCliente,NombreCajero,NombreSucursal) VALUES (36,'VERK520506BYYVFRR7','ADKM776363SECKFQO4',302,'Benjamín','Jazmín','Milpa Alta');
INSERT INTO Venta(IDVenta,CURPCliente,CURPCajero,IDSucursal,NombreCliente,NombreCajero,NombreSucursal) VALUES (37,'BRSJ441846IDORRDS3','TGKV197424EPISOUX9',303,'Octavio','Karla','La Magdalena Contreras');
INSERT INTO Venta(IDVenta,CURPCliente,CURPCajero,IDSucursal,NombreCliente,NombreCajero,NombreSucursal) VALUES (38,'NUJY784735EGFHHLP6','ZXLW274580XGSGQTA7',304,'Jesús','Jesús','Álvaro Obregón');
INSERT INTO Venta(IDVenta,CURPCliente,CURPCajero,IDSucursal,NombreCliente,NombreCajero,NombreSucursal) VALUES (39,'GHBO078736VDPKUSY3','FNSS610081YAOLUYH7',305,'César','Guillermo','Álvaro Obregón');
INSERT INTO Venta(IDVenta,CURPCliente,CURPCajero,IDSucursal,NombreCliente,NombreCajero,NombreSucursal) VALUES (40,'XVSN889357ZBCGUGT4','CVLZ728901SXZPFJJ6',306,'Iván','Zaid','Milpa Alta');
INSERT INTO Venta(IDVenta,CURPCliente,CURPCajero,IDSucursal,NombreCliente,NombreCajero,NombreSucursal) VALUES (41,'CVFI903316RXJNXJR1','KXRH743198EGAIJLM8',307,'Sofia','Lorena','Gustavo A. Madero');
INSERT INTO Venta(IDVenta,CURPCliente,CURPCajero,IDSucursal,NombreCliente,NombreCajero,NombreSucursal) VALUES (42,'LWJR989520BATQIVG6','OMFU386487DFNFNGS5',308,'Salvador','Bernardo','Tláhuac');
INSERT INTO Venta(IDVenta,CURPCliente,CURPCajero,IDSucursal,NombreCliente,NombreCajero,NombreSucursal) VALUES (43,'RAHP977167EURYBKY3','CXCB834550LVTOPPM0',309,'Paulina','Andrés','Tlalpan');
INSERT INTO Venta(IDVenta,CURPCliente,CURPCajero,IDSucursal,NombreCliente,NombreCajero,NombreSucursal) VALUES (44,'XGKG463437YZAHAZS8','MZYC884137LAXFSKU5',310,'Yaziel','Gilberto','Xochimilco');
INSERT INTO Venta(IDVenta,CURPCliente,CURPCajero,IDSucursal,NombreCliente,NombreCajero,NombreSucursal) VALUES (45,'LWPF909246XZHDMYU8','SVHM068187FCGYPPT0',311,'Pedro','Bernardo','Cuauhtémoc');
INSERT INTO Venta(IDVenta,CURPCliente,CURPCajero,IDSucursal,NombreCliente,NombreCajero,NombreSucursal) VALUES (46,'GIXG904468UGJEKBR8','HTWK941730PUYBTCG5',312,'Karen','Eduardo','Gustavo A. Madero');
INSERT INTO Venta(IDVenta,CURPCliente,CURPCajero,IDSucursal,NombreCliente,NombreCajero,NombreSucursal) VALUES (47,'PZEL974270RTSBCWY1','XIGO444507VLGVYVH7',313,'Armando','Claudia','Milpa Alta');
INSERT INTO Venta(IDVenta,CURPCliente,CURPCajero,IDSucursal,NombreCliente,NombreCajero,NombreSucursal) VALUES (48,'YRVA138699ZKPHSGQ2','DUYO935749SBGVEMQ6',314,'Ignacio','Daniela','Tláhuac');
INSERT INTO Venta(IDVenta,CURPCliente,CURPCajero,IDSucursal,NombreCliente,NombreCajero,NombreSucursal) VALUES (49,'GNJB482453CQAIDVB0','IZLF414992TMDOMKA7',315,'Sebastián','Marisol','Xochimilco');
INSERT INTO Venta(IDVenta,CURPCliente,CURPCajero,IDSucursal,NombreCliente,NombreCajero,NombreSucursal) VALUES (50,'NDIG696113CQINQAR9','UMGF751610CTHLPRZ0',316,'Víctor','Eduardo','Xochimilco');
INSERT INTO Venta(IDVenta,CURPCliente,CURPCajero,IDSucursal,NombreCliente,NombreCajero,NombreSucursal) VALUES (51,'TVPZ585032VXJFOOZ4','VGJO910745FTCWTPN0',317,'Samuel','Antonio','Milpa Alta');
INSERT INTO Venta(IDVenta,CURPCliente,CURPCajero,IDSucursal,NombreCliente,NombreCajero,NombreSucursal) VALUES (52,'NGVS551941TTJSTYX2','YFAT425212OEKEIHT7',318,'Dulce','Emma','Cuauhtémoc');
INSERT INTO Venta(IDVenta,CURPCliente,CURPCajero,IDSucursal,NombreCliente,NombreCajero,NombreSucursal) VALUES (53,'PXDK102986DPSCICG2','YSLW911726JWNNDNT0',319,'Fernanda','Abraham','Venustiano Carranza');
INSERT INTO Venta(IDVenta,CURPCliente,CURPCajero,IDSucursal,NombreCliente,NombreCajero,NombreSucursal) VALUES (54,'JDFH604641FUQJKIF6','SUHW908258KUWRWEG6',320,'Sebastián','Julieta','Iztapalapa');
INSERT INTO Venta(IDVenta,CURPCliente,CURPCajero,IDSucursal,NombreCliente,NombreCajero,NombreSucursal) VALUES (55,'NDPA592554ZYHMZBB1','RHER227267MNBZCEX1',321,'Martín','Diego','Benito Juárez');
INSERT INTO Venta(IDVenta,CURPCliente,CURPCajero,IDSucursal,NombreCliente,NombreCajero,NombreSucursal) VALUES (56,'OOZH702898BNLTXAU2','FMMY871185KCHNSTL7',322,'Ximena','Ana Sofía','Gustavo A. Madero');
INSERT INTO Venta(IDVenta,CURPCliente,CURPCajero,IDSucursal,NombreCliente,NombreCajero,NombreSucursal) VALUES (57,'WFLS511722MNDIHTJ6','TQSN551031NKMCOWI5',323,'Yaziel','Karen','Iztacalco');
INSERT INTO Venta(IDVenta,CURPCliente,CURPCajero,IDSucursal,NombreCliente,NombreCajero,NombreSucursal) VALUES (58,'TNGY181608ELEFPEZ6','LKEO526554FUICPSZ5',324,'Alicia','Tomás','Milpa Alta');
INSERT INTO Venta(IDVenta,CURPCliente,CURPCajero,IDSucursal,NombreCliente,NombreCajero,NombreSucursal) VALUES (59,'VUVB314329ZICLZJO3','PONY306123GQMFSEY2',325,'Raúl','Hugo','Iztapalapa');
INSERT INTO Venta(IDVenta,CURPCliente,CURPCajero,IDSucursal,NombreCliente,NombreCajero,NombreSucursal) VALUES (60,'KMJE619980QJXURAS5','VTLA519769QDTPMLZ9',326,'Karla','Julieta','Cuajimalpa de Morelos');
INSERT INTO Venta(IDVenta,CURPCliente,CURPCajero,IDSucursal,NombreCliente,NombreCajero,NombreSucursal) VALUES (61,'UFUI720917YGVDCAC1','YEVI205306EOJANQR6',327,'Nancy','Ana Sofía','La Magdalena Contreras');
INSERT INTO Venta(IDVenta,CURPCliente,CURPCajero,IDSucursal,NombreCliente,NombreCajero,NombreSucursal) VALUES (62,'OWLU394923SYPXFFQ5','RABM516710KURNISE6',328,'Gabriela','Mario','Cuauhtémoc');
INSERT INTO Venta(IDVenta,CURPCliente,CURPCajero,IDSucursal,NombreCliente,NombreCajero,NombreSucursal) VALUES (63,'KRXX352893HLUYMEY4','ALGW399207NCQGYCR4',329,'Rafael','Hugo','Cuauhtémoc');
INSERT INTO Venta(IDVenta,CURPCliente,CURPCajero,IDSucursal,NombreCliente,NombreCajero,NombreSucursal) VALUES (64,'LEHO003443YLUMTJF4','KYHF075559PVRSETE3',330,'Yair','Valeria','Xochimilco');
INSERT INTO Venta(IDVenta,CURPCliente,CURPCajero,IDSucursal,NombreCliente,NombreCajero,NombreSucursal) VALUES (65,'GPIV980525AGPYIRP7','ACII995732XVLQOBM9',331,'Claudia','Dulce','Cuajimalpa de Morelos');
INSERT INTO Venta(IDVenta,CURPCliente,CURPCajero,IDSucursal,NombreCliente,NombreCajero,NombreSucursal) VALUES (66,'QIRB508561GSXNAPZ0','UQRT652899DBKRPIR3',332,'Agustín','Alfredo','Milpa Alta');
INSERT INTO Venta(IDVenta,CURPCliente,CURPCajero,IDSucursal,NombreCliente,NombreCajero,NombreSucursal) VALUES (67,'IVEU082387TKSMDSB0','VUDY457368REHJZMH4',333,'Eduardo','Óscar','Azcapotzalco');
INSERT INTO Venta(IDVenta,CURPCliente,CURPCajero,IDSucursal,NombreCliente,NombreCajero,NombreSucursal) VALUES (68,'EPRA984436LDIELML8','EIVI182180NFJOQWY3',334,'Monserrat','Christian','Cuajimalpa de Morelos');
INSERT INTO Venta(IDVenta,CURPCliente,CURPCajero,IDSucursal,NombreCliente,NombreCajero,NombreSucursal) VALUES (69,'LSZE167639AKCFLLI6','AEHU000869SJRKRTS3',335,'José','Cynthia','Tlalpan');
INSERT INTO Venta(IDVenta,CURPCliente,CURPCajero,IDSucursal,NombreCliente,NombreCajero,NombreSucursal) VALUES (70,'EYNT722666ZCVRUAQ5','SUIH356984HUZGIPF6',336,'Melissa','Ximena','Tlalpan');
INSERT INTO Venta(IDVenta,CURPCliente,CURPCajero,IDSucursal,NombreCliente,NombreCajero,NombreSucursal) VALUES (71,'EKLN375383BOOAZWT1','LNRE278124XOKFMPI9',337,'Arturo','Julio','Cuajimalpa de Morelos');
INSERT INTO Venta(IDVenta,CURPCliente,CURPCajero,IDSucursal,NombreCliente,NombreCajero,NombreSucursal) VALUES (72,'ENMJ806186SMNLTME6','YUUG700044XVUAMBR3',338,'Pablo','Benjamín','Tláhuac');
INSERT INTO Venta(IDVenta,CURPCliente,CURPCajero,IDSucursal,NombreCliente,NombreCajero,NombreSucursal) VALUES (73,'REBG607357YXLEHJS0','USWL931988SYFOXRO6',339,'Pamela','Rodrigo','Gustavo A. Madero');
INSERT INTO Venta(IDVenta,CURPCliente,CURPCajero,IDSucursal,NombreCliente,NombreCajero,NombreSucursal) VALUES (74,'WEII262364KZDDQKY4','ACYZ167185KYRWKXT6',340,'Alejandro','Néstor','Iztapalapa');
INSERT INTO Venta(IDVenta,CURPCliente,CURPCajero,IDSucursal,NombreCliente,NombreCajero,NombreSucursal) VALUES (75,'WRIR816217RPTIHIC2','IOHC966889EXYMEZO7',341,'Alejandro','Brenda','Iztapalapa');
INSERT INTO Venta(IDVenta,CURPCliente,CURPCajero,IDSucursal,NombreCliente,NombreCajero,NombreSucursal) VALUES (76,'LSPU014973XSMFGIS7','BIAK718043NKWUAYR9',342,'Lucía','Erick','Álvaro Obregón');
INSERT INTO Venta(IDVenta,CURPCliente,CURPCajero,IDSucursal,NombreCliente,NombreCajero,NombreSucursal) VALUES (77,'AYCD994681YVNUSOZ5','GZMD986116PCYKJQL3',343,'Jazmín','Alejandra','Tláhuac');
INSERT INTO Venta(IDVenta,CURPCliente,CURPCajero,IDSucursal,NombreCliente,NombreCajero,NombreSucursal) VALUES (78,'PINL527079RHPRYTS2','ZBEO455543OYMFNKR1',344,'Ximena','Lucía','Cuauhtémoc');
INSERT INTO Venta(IDVenta,CURPCliente,CURPCajero,IDSucursal,NombreCliente,NombreCajero,NombreSucursal) VALUES (79,'RHJO552443AGTHFYC8','FJYJ172853FUQYRVX4',345,'Fernanda','Alicia','Cuajimalpa de Morelos');
INSERT INTO Venta(IDVenta,CURPCliente,CURPCajero,IDSucursal,NombreCliente,NombreCajero,NombreSucursal) VALUES (80,'VZNU143681LZYDTST0','CVKN431303OTYYBXP0',346,'Lorena','Miguel','Tlalpan');
INSERT INTO Venta(IDVenta,CURPCliente,CURPCajero,IDSucursal,NombreCliente,NombreCajero,NombreSucursal) VALUES (81,'MTMY782456MRFAGEH6','LWEH029214ZEQONWF4',347,'Diego','Nancy','Milpa Alta');
INSERT INTO Venta(IDVenta,CURPCliente,CURPCajero,IDSucursal,NombreCliente,NombreCajero,NombreSucursal) VALUES (82,'LGIQ330973RSRMFPN1','KLZR462731MHOMNMY5',348,'Fernando','Jazmín','Tláhuac');
INSERT INTO Venta(IDVenta,CURPCliente,CURPCajero,IDSucursal,NombreCliente,NombreCajero,NombreSucursal) VALUES (83,'TMGS439460WJCUUDZ6','LZGN124860VXXDYBP8',349,'Carolina','Karla','Azcapotzalco');

-- Población de la tabla Suministrar
INSERT INTO Suministrar(CURPDistribuidor,CURPProductor,IDPerecedero,IDNoPerecedero,IDElectronica,PrecioDeCompra,Cantidad) VALUES ('LUMU534282IUAEKLS0','ZIOR210359GTCWDZM6',37,98,117,1248,937);
INSERT INTO Suministrar(CURPDistribuidor,CURPProductor,IDPerecedero,IDNoPerecedero,IDElectronica,PrecioDeCompra,Cantidad) VALUES ('OMUU607345MXKAPLX7','HGGD614385UMVJYQS0',9,76,108,1631,903);
INSERT INTO Suministrar(CURPDistribuidor,CURPProductor,IDPerecedero,IDNoPerecedero,IDElectronica,PrecioDeCompra,Cantidad) VALUES ('AKZB364878VQTMCNZ4','LARL613315SXFPGKV7',38,64,137,1086,710);
INSERT INTO Suministrar(CURPDistribuidor,CURPProductor,IDPerecedero,IDNoPerecedero,IDElectronica,PrecioDeCompra,Cantidad) VALUES ('FLCC206774USVVKNP1','UUDD797018GKSJQPJ9',20,52,107,2061,840);
INSERT INTO Suministrar(CURPDistribuidor,CURPProductor,IDPerecedero,IDNoPerecedero,IDElectronica,PrecioDeCompra,Cantidad) VALUES ('YIBX020615WZTSVRV2','JWZU948833TXAPZDP5',48,68,108,2760,422);
INSERT INTO Suministrar(CURPDistribuidor,CURPProductor,IDPerecedero,IDNoPerecedero,IDElectronica,PrecioDeCompra,Cantidad) VALUES ('FLVB866836RINFJUE3','OUDI370118TLXKQIA4',42,53,110,570,281);
INSERT INTO Suministrar(CURPDistribuidor,CURPProductor,IDPerecedero,IDNoPerecedero,IDElectronica,PrecioDeCompra,Cantidad) VALUES ('CQWM868982XBDWENG3','RBML293041NLBSXHY0',11,97,126,2688,859);
INSERT INTO Suministrar(CURPDistribuidor,CURPProductor,IDPerecedero,IDNoPerecedero,IDElectronica,PrecioDeCompra,Cantidad) VALUES ('ROFW273201NDXYKUH9','MDKC342468BIHCXDR1',5,65,112,745,703);
INSERT INTO Suministrar(CURPDistribuidor,CURPProductor,IDPerecedero,IDNoPerecedero,IDElectronica,PrecioDeCompra,Cantidad) VALUES ('PTQB357745GQQDPVC4','LPWB864344NJOUYRG2',46,87,116,177,874);
INSERT INTO Suministrar(CURPDistribuidor,CURPProductor,IDPerecedero,IDNoPerecedero,IDElectronica,PrecioDeCompra,Cantidad) VALUES ('JTGM058343WWXINCC9','XMKD860362JCRPCIE3',8,65,103,1678,214);
INSERT INTO Suministrar(CURPDistribuidor,CURPProductor,IDPerecedero,IDNoPerecedero,IDElectronica,PrecioDeCompra,Cantidad) VALUES ('OEMR952256GUNBBOD8','TFDN819572ZXMQCYP0',29,52,144,368,855);
INSERT INTO Suministrar(CURPDistribuidor,CURPProductor,IDPerecedero,IDNoPerecedero,IDElectronica,PrecioDeCompra,Cantidad) VALUES ('RHWJ966286RKYLZGK9','KYYE936958AINTMVF1',26,68,125,1197,130);
INSERT INTO Suministrar(CURPDistribuidor,CURPProductor,IDPerecedero,IDNoPerecedero,IDElectronica,PrecioDeCompra,Cantidad) VALUES ('ETMF280447SJZBUOY9','IMQA090109JBMNVOS8',28,57,131,426,86);
INSERT INTO Suministrar(CURPDistribuidor,CURPProductor,IDPerecedero,IDNoPerecedero,IDElectronica,PrecioDeCompra,Cantidad) VALUES ('FSIY172442JVIFHRT7','OLAF129425OJBGMFL6',6,94,127,2444,574);
INSERT INTO Suministrar(CURPDistribuidor,CURPProductor,IDPerecedero,IDNoPerecedero,IDElectronica,PrecioDeCompra,Cantidad) VALUES ('YKYE076442MDQQLLK1','QUZJ623264CJFFJCJ9',46,98,103,454,123);
INSERT INTO Suministrar(CURPDistribuidor,CURPProductor,IDPerecedero,IDNoPerecedero,IDElectronica,PrecioDeCompra,Cantidad) VALUES ('BLBG483530GOQUCTS2','CRFX493487OUQBWHY2',31,87,116,2078,817);
INSERT INTO Suministrar(CURPDistribuidor,CURPProductor,IDPerecedero,IDNoPerecedero,IDElectronica,PrecioDeCompra,Cantidad) VALUES ('LNKJ997777NEUISEZ9','MVBH785865ALJKYSQ9',10,88,130,2519,397);
INSERT INTO Suministrar(CURPDistribuidor,CURPProductor,IDPerecedero,IDNoPerecedero,IDElectronica,PrecioDeCompra,Cantidad) VALUES ('VMQH625697PSGIRWS4','AHWT207232LFOODYP1',37,66,115,609,505);
INSERT INTO Suministrar(CURPDistribuidor,CURPProductor,IDPerecedero,IDNoPerecedero,IDElectronica,PrecioDeCompra,Cantidad) VALUES ('JIOA260980MUWGRXY8','JWAK348170HDARTGQ5',18,93,131,150,225);
INSERT INTO Suministrar(CURPDistribuidor,CURPProductor,IDPerecedero,IDNoPerecedero,IDElectronica,PrecioDeCompra,Cantidad) VALUES ('YNIN040224ABUHIOQ3','COOV649454VXKVFNN4',17,57,150,2081,27);
INSERT INTO Suministrar(CURPDistribuidor,CURPProductor,IDPerecedero,IDNoPerecedero,IDElectronica,PrecioDeCompra,Cantidad) VALUES ('UTZQ736621YRJEFOW6','MIWP952643BZNYILI4',35,81,102,1547,468);
INSERT INTO Suministrar(CURPDistribuidor,CURPProductor,IDPerecedero,IDNoPerecedero,IDElectronica,PrecioDeCompra,Cantidad) VALUES ('DDQK799137UELWTVD8','MABU436892UHJJSAI7',14,54,113,219,330);
INSERT INTO Suministrar(CURPDistribuidor,CURPProductor,IDPerecedero,IDNoPerecedero,IDElectronica,PrecioDeCompra,Cantidad) VALUES ('TLVT618141FIWHIMI2','SVJC385327MFPQGKI1',41,74,125,921,302);
INSERT INTO Suministrar(CURPDistribuidor,CURPProductor,IDPerecedero,IDNoPerecedero,IDElectronica,PrecioDeCompra,Cantidad) VALUES ('TGJX646598ZITGUQL6','LFDW460470JLQNDXJ7',48,83,108,1033,188);
INSERT INTO Suministrar(CURPDistribuidor,CURPProductor,IDPerecedero,IDNoPerecedero,IDElectronica,PrecioDeCompra,Cantidad) VALUES ('ZPTS848527RZWYXJE9','MGZW584415UTIUTFI4',46,60,140,1555,836);
INSERT INTO Suministrar(CURPDistribuidor,CURPProductor,IDPerecedero,IDNoPerecedero,IDElectronica,PrecioDeCompra,Cantidad) VALUES ('MRLL008229BVLCOZB1','FBVN492590PYTVIRH6',35,82,110,1694,595);
INSERT INTO Suministrar(CURPDistribuidor,CURPProductor,IDPerecedero,IDNoPerecedero,IDElectronica,PrecioDeCompra,Cantidad) VALUES ('XJNG534954BLKWFFS9','GQVX435626BUFZGBY9',20,89,110,2127,344);
INSERT INTO Suministrar(CURPDistribuidor,CURPProductor,IDPerecedero,IDNoPerecedero,IDElectronica,PrecioDeCompra,Cantidad) VALUES ('ZAEH517349RQSJSKO4','WLPR452777DTFNGGE0',23,62,101,999,973);
INSERT INTO Suministrar(CURPDistribuidor,CURPProductor,IDPerecedero,IDNoPerecedero,IDElectronica,PrecioDeCompra,Cantidad) VALUES ('GWDH472852LKYUJLS0','SETG888223SPWUGUB4',45,92,140,2269,915);
INSERT INTO Suministrar(CURPDistribuidor,CURPProductor,IDPerecedero,IDNoPerecedero,IDElectronica,PrecioDeCompra,Cantidad) VALUES ('CMWR114069HWYWXEV8','LMFV398045TFFBMIW3',48,66,133,993,264);
INSERT INTO Suministrar(CURPDistribuidor,CURPProductor,IDPerecedero,IDNoPerecedero,IDElectronica,PrecioDeCompra,Cantidad) VALUES ('ECUJ832224DISBHHG7','JFCD552491IENAGAS2',48,100,135,2899,509);
INSERT INTO Suministrar(CURPDistribuidor,CURPProductor,IDPerecedero,IDNoPerecedero,IDElectronica,PrecioDeCompra,Cantidad) VALUES ('ECIK432943LVUXNYV5','RCBP952075BHMICLR3',21,89,131,1795,944);
INSERT INTO Suministrar(CURPDistribuidor,CURPProductor,IDPerecedero,IDNoPerecedero,IDElectronica,PrecioDeCompra,Cantidad) VALUES ('VHKN566161KFLUWIM2','GUTX029064TFPTGLN3',11,51,113,987,511);
INSERT INTO Suministrar(CURPDistribuidor,CURPProductor,IDPerecedero,IDNoPerecedero,IDElectronica,PrecioDeCompra,Cantidad) VALUES ('UDER309792RQHKZJM5','GGSC313424VFQUPPX0',11,79,147,2722,619);
INSERT INTO Suministrar(CURPDistribuidor,CURPProductor,IDPerecedero,IDNoPerecedero,IDElectronica,PrecioDeCompra,Cantidad) VALUES ('SKIY649543VNKCMQQ3','QFZF921801SSXWHNA9',3,83,135,2332,174);
INSERT INTO Suministrar(CURPDistribuidor,CURPProductor,IDPerecedero,IDNoPerecedero,IDElectronica,PrecioDeCompra,Cantidad) VALUES ('FKDT000926QRLMINU5','MHJS738292HXIXVJR9',46,92,147,2224,299);
INSERT INTO Suministrar(CURPDistribuidor,CURPProductor,IDPerecedero,IDNoPerecedero,IDElectronica,PrecioDeCompra,Cantidad) VALUES ('VASA146351XWJYCPN8','EKTT198441PPKLIPK9',40,76,102,1453,310);
INSERT INTO Suministrar(CURPDistribuidor,CURPProductor,IDPerecedero,IDNoPerecedero,IDElectronica,PrecioDeCompra,Cantidad) VALUES ('XJFX230949OFCJIBV5','KIXC228422JYCUAHR1',40,80,142,2434,111);
INSERT INTO Suministrar(CURPDistribuidor,CURPProductor,IDPerecedero,IDNoPerecedero,IDElectronica,PrecioDeCompra,Cantidad) VALUES ('DVSQ464187RNGTWPW1','UUSS680075XXLWDRE3',31,54,110,2398,989);
INSERT INTO Suministrar(CURPDistribuidor,CURPProductor,IDPerecedero,IDNoPerecedero,IDElectronica,PrecioDeCompra,Cantidad) VALUES ('YSCJ109038WYXCQCK5','IZLW630536VUNJCOR2',26,81,138,1512,423);
INSERT INTO Suministrar(CURPDistribuidor,CURPProductor,IDPerecedero,IDNoPerecedero,IDElectronica,PrecioDeCompra,Cantidad) VALUES ('THLA154625ZTCWADI2','ZSWO021078VSFDPOT2',50,75,112,2646,595);
INSERT INTO Suministrar(CURPDistribuidor,CURPProductor,IDPerecedero,IDNoPerecedero,IDElectronica,PrecioDeCompra,Cantidad) VALUES ('SNRD096680DKXOUAC6','PCAM415940QLRJTRD2',44,89,143,2961,25);
INSERT INTO Suministrar(CURPDistribuidor,CURPProductor,IDPerecedero,IDNoPerecedero,IDElectronica,PrecioDeCompra,Cantidad) VALUES ('UERB811529UCFBWXV0','MRGL381338NNTVAZD5',18,59,147,102,198);
INSERT INTO Suministrar(CURPDistribuidor,CURPProductor,IDPerecedero,IDNoPerecedero,IDElectronica,PrecioDeCompra,Cantidad) VALUES ('TEFV681496MZQSEPW3','NLJT529943EAETHYL3',10,56,110,853,604);
INSERT INTO Suministrar(CURPDistribuidor,CURPProductor,IDPerecedero,IDNoPerecedero,IDElectronica,PrecioDeCompra,Cantidad) VALUES ('WERG726291BNOKESW4','VWSM138293CKJAOZP3',48,56,133,989,234);
INSERT INTO Suministrar(CURPDistribuidor,CURPProductor,IDPerecedero,IDNoPerecedero,IDElectronica,PrecioDeCompra,Cantidad) VALUES ('ILIK151943IWSJRTI4','GPGB750356SWZIPOY2',33,68,107,2088,684);
INSERT INTO Suministrar(CURPDistribuidor,CURPProductor,IDPerecedero,IDNoPerecedero,IDElectronica,PrecioDeCompra,Cantidad) VALUES ('DDUN010153PDNRNQQ1','MKCM352959WLPJBQP1',3,74,143,48,141);
INSERT INTO Suministrar(CURPDistribuidor,CURPProductor,IDPerecedero,IDNoPerecedero,IDElectronica,PrecioDeCompra,Cantidad) VALUES ('VXZM632731EYKUUJD4','FAAR139835TQCFKAH6',26,68,115,1496,551);
INSERT INTO Suministrar(CURPDistribuidor,CURPProductor,IDPerecedero,IDNoPerecedero,IDElectronica,PrecioDeCompra,Cantidad) VALUES ('JRFZ746224OLRLMBI5','UKUZ963794BWMIWZC7',20,61,141,2432,356);
INSERT INTO Suministrar(CURPDistribuidor,CURPProductor,IDPerecedero,IDNoPerecedero,IDElectronica,PrecioDeCompra,Cantidad) VALUES ('LTJS797568GPGDDZR8','SSDY303246PEQTGEA4',15,69,115,536,591);

-- Población de la tabla Contener
INSERT INTO Contener(IDLista,IDPerecedero,IDNoPerecedero,IDElectronica) VALUES (172,34,72,148);
INSERT INTO Contener(IDLista,IDPerecedero,IDNoPerecedero,IDElectronica) VALUES (152,6,95,133);
INSERT INTO Contener(IDLista,IDPerecedero,IDNoPerecedero,IDElectronica) VALUES (159,42,70,116);
INSERT INTO Contener(IDLista,IDPerecedero,IDNoPerecedero,IDElectronica) VALUES (165,16,64,115);
INSERT INTO Contener(IDLista,IDPerecedero,IDNoPerecedero,IDElectronica) VALUES (158,24,53,120);
INSERT INTO Contener(IDLista,IDPerecedero,IDNoPerecedero,IDElectronica) VALUES (162,35,86,144);
INSERT INTO Contener(IDLista,IDPerecedero,IDNoPerecedero,IDElectronica) VALUES (152,4,57,139);
INSERT INTO Contener(IDLista,IDPerecedero,IDNoPerecedero,IDElectronica) VALUES (178,16,63,134);
INSERT INTO Contener(IDLista,IDPerecedero,IDNoPerecedero,IDElectronica) VALUES (160,50,82,110);
INSERT INTO Contener(IDLista,IDPerecedero,IDNoPerecedero,IDElectronica) VALUES (200,43,96,136);
INSERT INTO Contener(IDLista,IDPerecedero,IDNoPerecedero,IDElectronica) VALUES (168,42,52,111);
INSERT INTO Contener(IDLista,IDPerecedero,IDNoPerecedero,IDElectronica) VALUES (172,35,87,109);
INSERT INTO Contener(IDLista,IDPerecedero,IDNoPerecedero,IDElectronica) VALUES (186,34,74,106);
INSERT INTO Contener(IDLista,IDPerecedero,IDNoPerecedero,IDElectronica) VALUES (179,46,94,101);
INSERT INTO Contener(IDLista,IDPerecedero,IDNoPerecedero,IDElectronica) VALUES (193,11,53,123);
INSERT INTO Contener(IDLista,IDPerecedero,IDNoPerecedero,IDElectronica) VALUES (152,45,66,116);
INSERT INTO Contener(IDLista,IDPerecedero,IDNoPerecedero,IDElectronica) VALUES (193,11,82,124);
INSERT INTO Contener(IDLista,IDPerecedero,IDNoPerecedero,IDElectronica) VALUES (179,45,66,111);
INSERT INTO Contener(IDLista,IDPerecedero,IDNoPerecedero,IDElectronica) VALUES (189,2,87,148);
INSERT INTO Contener(IDLista,IDPerecedero,IDNoPerecedero,IDElectronica) VALUES (157,28,61,141);
INSERT INTO Contener(IDLista,IDPerecedero,IDNoPerecedero,IDElectronica) VALUES (170,48,81,129);
INSERT INTO Contener(IDLista,IDPerecedero,IDNoPerecedero,IDElectronica) VALUES (198,9,81,106);
INSERT INTO Contener(IDLista,IDPerecedero,IDNoPerecedero,IDElectronica) VALUES (200,46,63,146);
INSERT INTO Contener(IDLista,IDPerecedero,IDNoPerecedero,IDElectronica) VALUES (163,33,72,113);
INSERT INTO Contener(IDLista,IDPerecedero,IDNoPerecedero,IDElectronica) VALUES (192,11,100,117);
INSERT INTO Contener(IDLista,IDPerecedero,IDNoPerecedero,IDElectronica) VALUES (178,14,73,126);
INSERT INTO Contener(IDLista,IDPerecedero,IDNoPerecedero,IDElectronica) VALUES (176,7,66,147);
INSERT INTO Contener(IDLista,IDPerecedero,IDNoPerecedero,IDElectronica) VALUES (171,17,69,132);
INSERT INTO Contener(IDLista,IDPerecedero,IDNoPerecedero,IDElectronica) VALUES (158,27,99,102);
INSERT INTO Contener(IDLista,IDPerecedero,IDNoPerecedero,IDElectronica) VALUES (154,25,63,107);
INSERT INTO Contener(IDLista,IDPerecedero,IDNoPerecedero,IDElectronica) VALUES (156,50,90,130);
INSERT INTO Contener(IDLista,IDPerecedero,IDNoPerecedero,IDElectronica) VALUES (166,44,83,124);
INSERT INTO Contener(IDLista,IDPerecedero,IDNoPerecedero,IDElectronica) VALUES (180,9,72,104);
INSERT INTO Contener(IDLista,IDPerecedero,IDNoPerecedero,IDElectronica) VALUES (178,14,61,117);
INSERT INTO Contener(IDLista,IDPerecedero,IDNoPerecedero,IDElectronica) VALUES (188,42,56,116);
INSERT INTO Contener(IDLista,IDPerecedero,IDNoPerecedero,IDElectronica) VALUES (154,36,55,119);
INSERT INTO Contener(IDLista,IDPerecedero,IDNoPerecedero,IDElectronica) VALUES (151,40,72,146);
INSERT INTO Contener(IDLista,IDPerecedero,IDNoPerecedero,IDElectronica) VALUES (170,34,90,105);
INSERT INTO Contener(IDLista,IDPerecedero,IDNoPerecedero,IDElectronica) VALUES (159,13,96,107);
INSERT INTO Contener(IDLista,IDPerecedero,IDNoPerecedero,IDElectronica) VALUES (181,14,88,146);
INSERT INTO Contener(IDLista,IDPerecedero,IDNoPerecedero,IDElectronica) VALUES (175,15,68,146);
INSERT INTO Contener(IDLista,IDPerecedero,IDNoPerecedero,IDElectronica) VALUES (197,15,52,109);
INSERT INTO Contener(IDLista,IDPerecedero,IDNoPerecedero,IDElectronica) VALUES (151,3,88,145);
INSERT INTO Contener(IDLista,IDPerecedero,IDNoPerecedero,IDElectronica) VALUES (191,40,91,139);
INSERT INTO Contener(IDLista,IDPerecedero,IDNoPerecedero,IDElectronica) VALUES (200,43,57,140);
INSERT INTO Contener(IDLista,IDPerecedero,IDNoPerecedero,IDElectronica) VALUES (191,19,90,136);
INSERT INTO Contener(IDLista,IDPerecedero,IDNoPerecedero,IDElectronica) VALUES (197,37,79,148);
INSERT INTO Contener(IDLista,IDPerecedero,IDNoPerecedero,IDElectronica) VALUES (154,14,53,116);
INSERT INTO Contener(IDLista,IDPerecedero,IDNoPerecedero,IDElectronica) VALUES (194,25,52,140);
INSERT INTO Contener(IDLista,IDPerecedero,IDNoPerecedero,IDElectronica) VALUES (179,22,67,120);

-- Población de la tabla Tener
INSERT INTO Tener(IDInventario,IDPerecedero,IDNoPerecedero,IDElectronica) VALUES (220,22,86,104);
INSERT INTO Tener(IDInventario,IDPerecedero,IDNoPerecedero,IDElectronica) VALUES (235,32,66,130);
INSERT INTO Tener(IDInventario,IDPerecedero,IDNoPerecedero,IDElectronica) VALUES (249,24,66,108);
INSERT INTO Tener(IDInventario,IDPerecedero,IDNoPerecedero,IDElectronica) VALUES (233,11,85,118);
INSERT INTO Tener(IDInventario,IDPerecedero,IDNoPerecedero,IDElectronica) VALUES (210,12,88,111);
INSERT INTO Tener(IDInventario,IDPerecedero,IDNoPerecedero,IDElectronica) VALUES (202,16,55,125);
INSERT INTO Tener(IDInventario,IDPerecedero,IDNoPerecedero,IDElectronica) VALUES (236,16,72,101);
INSERT INTO Tener(IDInventario,IDPerecedero,IDNoPerecedero,IDElectronica) VALUES (209,25,71,118);
INSERT INTO Tener(IDInventario,IDPerecedero,IDNoPerecedero,IDElectronica) VALUES (223,24,95,103);
INSERT INTO Tener(IDInventario,IDPerecedero,IDNoPerecedero,IDElectronica) VALUES (244,27,83,122);
INSERT INTO Tener(IDInventario,IDPerecedero,IDNoPerecedero,IDElectronica) VALUES (222,46,54,127);
INSERT INTO Tener(IDInventario,IDPerecedero,IDNoPerecedero,IDElectronica) VALUES (240,17,79,128);
INSERT INTO Tener(IDInventario,IDPerecedero,IDNoPerecedero,IDElectronica) VALUES (224,38,76,132);
INSERT INTO Tener(IDInventario,IDPerecedero,IDNoPerecedero,IDElectronica) VALUES (217,17,66,103);
INSERT INTO Tener(IDInventario,IDPerecedero,IDNoPerecedero,IDElectronica) VALUES (213,29,67,111);
INSERT INTO Tener(IDInventario,IDPerecedero,IDNoPerecedero,IDElectronica) VALUES (216,10,67,114);
INSERT INTO Tener(IDInventario,IDPerecedero,IDNoPerecedero,IDElectronica) VALUES (206,44,93,143);
INSERT INTO Tener(IDInventario,IDPerecedero,IDNoPerecedero,IDElectronica) VALUES (236,27,100,140);
INSERT INTO Tener(IDInventario,IDPerecedero,IDNoPerecedero,IDElectronica) VALUES (233,36,75,144);
INSERT INTO Tener(IDInventario,IDPerecedero,IDNoPerecedero,IDElectronica) VALUES (219,32,80,129);
INSERT INTO Tener(IDInventario,IDPerecedero,IDNoPerecedero,IDElectronica) VALUES (204,8,63,143);
INSERT INTO Tener(IDInventario,IDPerecedero,IDNoPerecedero,IDElectronica) VALUES (244,41,57,108);
INSERT INTO Tener(IDInventario,IDPerecedero,IDNoPerecedero,IDElectronica) VALUES (250,20,68,150);
INSERT INTO Tener(IDInventario,IDPerecedero,IDNoPerecedero,IDElectronica) VALUES (203,8,77,145);
INSERT INTO Tener(IDInventario,IDPerecedero,IDNoPerecedero,IDElectronica) VALUES (247,10,100,115);
INSERT INTO Tener(IDInventario,IDPerecedero,IDNoPerecedero,IDElectronica) VALUES (238,48,97,120);
INSERT INTO Tener(IDInventario,IDPerecedero,IDNoPerecedero,IDElectronica) VALUES (242,22,58,146);
INSERT INTO Tener(IDInventario,IDPerecedero,IDNoPerecedero,IDElectronica) VALUES (202,6,78,133);
INSERT INTO Tener(IDInventario,IDPerecedero,IDNoPerecedero,IDElectronica) VALUES (243,5,96,133);
INSERT INTO Tener(IDInventario,IDPerecedero,IDNoPerecedero,IDElectronica) VALUES (219,37,74,133);
INSERT INTO Tener(IDInventario,IDPerecedero,IDNoPerecedero,IDElectronica) VALUES (234,33,84,145);
INSERT INTO Tener(IDInventario,IDPerecedero,IDNoPerecedero,IDElectronica) VALUES (243,44,97,138);
INSERT INTO Tener(IDInventario,IDPerecedero,IDNoPerecedero,IDElectronica) VALUES (235,29,84,132);
INSERT INTO Tener(IDInventario,IDPerecedero,IDNoPerecedero,IDElectronica) VALUES (225,46,99,123);
INSERT INTO Tener(IDInventario,IDPerecedero,IDNoPerecedero,IDElectronica) VALUES (247,8,60,137);
INSERT INTO Tener(IDInventario,IDPerecedero,IDNoPerecedero,IDElectronica) VALUES (231,5,85,109);
INSERT INTO Tener(IDInventario,IDPerecedero,IDNoPerecedero,IDElectronica) VALUES (212,42,52,148);
INSERT INTO Tener(IDInventario,IDPerecedero,IDNoPerecedero,IDElectronica) VALUES (250,29,69,125);
INSERT INTO Tener(IDInventario,IDPerecedero,IDNoPerecedero,IDElectronica) VALUES (233,21,75,126);
INSERT INTO Tener(IDInventario,IDPerecedero,IDNoPerecedero,IDElectronica) VALUES (244,7,98,136);
INSERT INTO Tener(IDInventario,IDPerecedero,IDNoPerecedero,IDElectronica) VALUES (222,5,95,142);
INSERT INTO Tener(IDInventario,IDPerecedero,IDNoPerecedero,IDElectronica) VALUES (207,26,54,139);
INSERT INTO Tener(IDInventario,IDPerecedero,IDNoPerecedero,IDElectronica) VALUES (216,18,88,131);
INSERT INTO Tener(IDInventario,IDPerecedero,IDNoPerecedero,IDElectronica) VALUES (236,18,62,128);
INSERT INTO Tener(IDInventario,IDPerecedero,IDNoPerecedero,IDElectronica) VALUES (250,37,66,117);
INSERT INTO Tener(IDInventario,IDPerecedero,IDNoPerecedero,IDElectronica) VALUES (211,8,86,105);
INSERT INTO Tener(IDInventario,IDPerecedero,IDNoPerecedero,IDElectronica) VALUES (246,14,79,114);
INSERT INTO Tener(IDInventario,IDPerecedero,IDNoPerecedero,IDElectronica) VALUES (229,43,55,117);
INSERT INTO Tener(IDInventario,IDPerecedero,IDNoPerecedero,IDElectronica) VALUES (202,40,71,101);
INSERT INTO Tener(IDInventario,IDPerecedero,IDNoPerecedero,IDElectronica) VALUES (205,6,66,112);

-- Población de la tabla Registrar
INSERT INTO Registrar(IDPago,IDVenta,Monto) VALUES (175,34,758);
INSERT INTO Registrar(IDPago,IDVenta,Monto) VALUES (176,35,5566);
INSERT INTO Registrar(IDPago,IDVenta,Monto) VALUES (177,36,7131);
INSERT INTO Registrar(IDPago,IDVenta,Monto) VALUES (178,37,6646);
INSERT INTO Registrar(IDPago,IDVenta,Monto) VALUES (179,38,5791);
INSERT INTO Registrar(IDPago,IDVenta,Monto) VALUES (180,39,7064);
INSERT INTO Registrar(IDPago,IDVenta,Monto) VALUES (181,40,3219);
INSERT INTO Registrar(IDPago,IDVenta,Monto) VALUES (182,41,7107);
INSERT INTO Registrar(IDPago,IDVenta,Monto) VALUES (183,42,5769);
INSERT INTO Registrar(IDPago,IDVenta,Monto) VALUES (184,43,9662);
INSERT INTO Registrar(IDPago,IDVenta,Monto) VALUES (185,44,524);
INSERT INTO Registrar(IDPago,IDVenta,Monto) VALUES (186,45,5908);
INSERT INTO Registrar(IDPago,IDVenta,Monto) VALUES (187,46,6720);
INSERT INTO Registrar(IDPago,IDVenta,Monto) VALUES (188,47,5572);
INSERT INTO Registrar(IDPago,IDVenta,Monto) VALUES (189,48,2574);
INSERT INTO Registrar(IDPago,IDVenta,Monto) VALUES (190,49,6510);
INSERT INTO Registrar(IDPago,IDVenta,Monto) VALUES (191,50,4356);
INSERT INTO Registrar(IDPago,IDVenta,Monto) VALUES (192,51,8783);
INSERT INTO Registrar(IDPago,IDVenta,Monto) VALUES (193,52,9405);
INSERT INTO Registrar(IDPago,IDVenta,Monto) VALUES (194,53,9055);
INSERT INTO Registrar(IDPago,IDVenta,Monto) VALUES (195,54,7925);
INSERT INTO Registrar(IDPago,IDVenta,Monto) VALUES (196,55,1209);
INSERT INTO Registrar(IDPago,IDVenta,Monto) VALUES (197,56,2939);
INSERT INTO Registrar(IDPago,IDVenta,Monto) VALUES (198,57,8975);
INSERT INTO Registrar(IDPago,IDVenta,Monto) VALUES (199,58,2089);
INSERT INTO Registrar(IDPago,IDVenta,Monto) VALUES (200,59,8691);
INSERT INTO Registrar(IDPago,IDVenta,Monto) VALUES (201,60,3055);
INSERT INTO Registrar(IDPago,IDVenta,Monto) VALUES (202,61,4173);
INSERT INTO Registrar(IDPago,IDVenta,Monto) VALUES (203,62,4780);
INSERT INTO Registrar(IDPago,IDVenta,Monto) VALUES (204,63,2279);
INSERT INTO Registrar(IDPago,IDVenta,Monto) VALUES (205,64,8376);
INSERT INTO Registrar(IDPago,IDVenta,Monto) VALUES (206,65,3816);
INSERT INTO Registrar(IDPago,IDVenta,Monto) VALUES (207,66,7617);
INSERT INTO Registrar(IDPago,IDVenta,Monto) VALUES (208,67,6937);
INSERT INTO Registrar(IDPago,IDVenta,Monto) VALUES (209,68,7102);
INSERT INTO Registrar(IDPago,IDVenta,Monto) VALUES (210,69,2192);
INSERT INTO Registrar(IDPago,IDVenta,Monto) VALUES (211,70,4808);
INSERT INTO Registrar(IDPago,IDVenta,Monto) VALUES (212,71,528);
INSERT INTO Registrar(IDPago,IDVenta,Monto) VALUES (213,72,6194);
INSERT INTO Registrar(IDPago,IDVenta,Monto) VALUES (214,73,4109);
INSERT INTO Registrar(IDPago,IDVenta,Monto) VALUES (215,74,6403);
INSERT INTO Registrar(IDPago,IDVenta,Monto) VALUES (216,75,1207);
INSERT INTO Registrar(IDPago,IDVenta,Monto) VALUES (217,76,4814);
INSERT INTO Registrar(IDPago,IDVenta,Monto) VALUES (218,77,3433);
INSERT INTO Registrar(IDPago,IDVenta,Monto) VALUES (219,78,6468);
INSERT INTO Registrar(IDPago,IDVenta,Monto) VALUES (220,79,6727);
INSERT INTO Registrar(IDPago,IDVenta,Monto) VALUES (221,80,5197);
INSERT INTO Registrar(IDPago,IDVenta,Monto) VALUES (222,81,2970);
INSERT INTO Registrar(IDPago,IDVenta,Monto) VALUES (223,82,4790);
INSERT INTO Registrar(IDPago,IDVenta,Monto) VALUES (224,83,2468);

-- Población de la tabla Constar
INSERT INTO Constar(IDVenta,IDLista,PrecioProducto,PrecioTotal,CantidadProducto) VALUES (34,151,337,69317.33,261);
INSERT INTO Constar(IDVenta,IDLista,PrecioProducto,PrecioTotal,CantidadProducto) VALUES (35,152,1610,55890.69,9);
INSERT INTO Constar(IDVenta,IDLista,PrecioProducto,PrecioTotal,CantidadProducto) VALUES (36,153,1833,58943.66,122);
INSERT INTO Constar(IDVenta,IDLista,PrecioProducto,PrecioTotal,CantidadProducto) VALUES (37,154,880,23727.13,40);
INSERT INTO Constar(IDVenta,IDLista,PrecioProducto,PrecioTotal,CantidadProducto) VALUES (38,155,1508,45475.23,196);
INSERT INTO Constar(IDVenta,IDLista,PrecioProducto,PrecioTotal,CantidadProducto) VALUES (39,156,170,6356.86,62);
INSERT INTO Constar(IDVenta,IDLista,PrecioProducto,PrecioTotal,CantidadProducto) VALUES (40,157,2959,29741.68,79);
INSERT INTO Constar(IDVenta,IDLista,PrecioProducto,PrecioTotal,CantidadProducto) VALUES (41,158,1561,51117.03,205);
INSERT INTO Constar(IDVenta,IDLista,PrecioProducto,PrecioTotal,CantidadProducto) VALUES (42,159,1176,8495.03,76);
INSERT INTO Constar(IDVenta,IDLista,PrecioProducto,PrecioTotal,CantidadProducto) VALUES (43,160,1465,78802.37,258);
INSERT INTO Constar(IDVenta,IDLista,PrecioProducto,PrecioTotal,CantidadProducto) VALUES (44,161,2067,30867.8,211);
INSERT INTO Constar(IDVenta,IDLista,PrecioProducto,PrecioTotal,CantidadProducto) VALUES (45,162,1833,11129.55,204);
INSERT INTO Constar(IDVenta,IDLista,PrecioProducto,PrecioTotal,CantidadProducto) VALUES (46,163,1177,14877.47,182);
INSERT INTO Constar(IDVenta,IDLista,PrecioProducto,PrecioTotal,CantidadProducto) VALUES (47,164,886,81852.32,98);
INSERT INTO Constar(IDVenta,IDLista,PrecioProducto,PrecioTotal,CantidadProducto) VALUES (48,165,1556,928.77,311);
INSERT INTO Constar(IDVenta,IDLista,PrecioProducto,PrecioTotal,CantidadProducto) VALUES (49,166,2775,46704.98,116);
INSERT INTO Constar(IDVenta,IDLista,PrecioProducto,PrecioTotal,CantidadProducto) VALUES (50,167,2817,48588.68,190);
INSERT INTO Constar(IDVenta,IDLista,PrecioProducto,PrecioTotal,CantidadProducto) VALUES (51,168,1172,35476.92,293);
INSERT INTO Constar(IDVenta,IDLista,PrecioProducto,PrecioTotal,CantidadProducto) VALUES (52,169,2005,60477.17,78);
INSERT INTO Constar(IDVenta,IDLista,PrecioProducto,PrecioTotal,CantidadProducto) VALUES (53,170,1571,32351.85,134);
INSERT INTO Constar(IDVenta,IDLista,PrecioProducto,PrecioTotal,CantidadProducto) VALUES (54,171,509,73769.57,20);
INSERT INTO Constar(IDVenta,IDLista,PrecioProducto,PrecioTotal,CantidadProducto) VALUES (55,172,2125,59976.44,124);
INSERT INTO Constar(IDVenta,IDLista,PrecioProducto,PrecioTotal,CantidadProducto) VALUES (56,173,1562,22920.68,345);
INSERT INTO Constar(IDVenta,IDLista,PrecioProducto,PrecioTotal,CantidadProducto) VALUES (57,174,1524,75315.1,323);
INSERT INTO Constar(IDVenta,IDLista,PrecioProducto,PrecioTotal,CantidadProducto) VALUES (58,175,1845,95146.82,10);
INSERT INTO Constar(IDVenta,IDLista,PrecioProducto,PrecioTotal,CantidadProducto) VALUES (59,176,2679,42339.34,215);
INSERT INTO Constar(IDVenta,IDLista,PrecioProducto,PrecioTotal,CantidadProducto) VALUES (60,177,1355,28487.31,190);
INSERT INTO Constar(IDVenta,IDLista,PrecioProducto,PrecioTotal,CantidadProducto) VALUES (61,178,2808,733.17,330);
INSERT INTO Constar(IDVenta,IDLista,PrecioProducto,PrecioTotal,CantidadProducto) VALUES (62,179,2300,9784.87,205);
INSERT INTO Constar(IDVenta,IDLista,PrecioProducto,PrecioTotal,CantidadProducto) VALUES (63,180,545,88016.02,1);
INSERT INTO Constar(IDVenta,IDLista,PrecioProducto,PrecioTotal,CantidadProducto) VALUES (64,181,77,31557.39,235);
INSERT INTO Constar(IDVenta,IDLista,PrecioProducto,PrecioTotal,CantidadProducto) VALUES (65,182,2370,21902.27,167);
INSERT INTO Constar(IDVenta,IDLista,PrecioProducto,PrecioTotal,CantidadProducto) VALUES (66,183,1867,24809.91,239);
INSERT INTO Constar(IDVenta,IDLista,PrecioProducto,PrecioTotal,CantidadProducto) VALUES (67,184,2872,30942.93,291);
INSERT INTO Constar(IDVenta,IDLista,PrecioProducto,PrecioTotal,CantidadProducto) VALUES (68,185,596,32123.77,35);
INSERT INTO Constar(IDVenta,IDLista,PrecioProducto,PrecioTotal,CantidadProducto) VALUES (69,186,1027,8027.17,290);
INSERT INTO Constar(IDVenta,IDLista,PrecioProducto,PrecioTotal,CantidadProducto) VALUES (70,187,2552,83843.13,192);
INSERT INTO Constar(IDVenta,IDLista,PrecioProducto,PrecioTotal,CantidadProducto) VALUES (71,188,2385,39369.21,60);
INSERT INTO Constar(IDVenta,IDLista,PrecioProducto,PrecioTotal,CantidadProducto) VALUES (72,189,2805,23882.14,220);
INSERT INTO Constar(IDVenta,IDLista,PrecioProducto,PrecioTotal,CantidadProducto) VALUES (73,190,2910,57775.31,138);
INSERT INTO Constar(IDVenta,IDLista,PrecioProducto,PrecioTotal,CantidadProducto) VALUES (74,191,1137,16349.45,136);
INSERT INTO Constar(IDVenta,IDLista,PrecioProducto,PrecioTotal,CantidadProducto) VALUES (75,192,1976,67003.17,18);
INSERT INTO Constar(IDVenta,IDLista,PrecioProducto,PrecioTotal,CantidadProducto) VALUES (76,193,1019,6850.05,313);
INSERT INTO Constar(IDVenta,IDLista,PrecioProducto,PrecioTotal,CantidadProducto) VALUES (77,194,2607,53855.36,309);
INSERT INTO Constar(IDVenta,IDLista,PrecioProducto,PrecioTotal,CantidadProducto) VALUES (78,195,696,13062.55,297);
INSERT INTO Constar(IDVenta,IDLista,PrecioProducto,PrecioTotal,CantidadProducto) VALUES (79,196,135,19045.94,186);
INSERT INTO Constar(IDVenta,IDLista,PrecioProducto,PrecioTotal,CantidadProducto) VALUES (80,197,2828,14154.29,184);
INSERT INTO Constar(IDVenta,IDLista,PrecioProducto,PrecioTotal,CantidadProducto) VALUES (81,198,2404,22047.67,257);
INSERT INTO Constar(IDVenta,IDLista,PrecioProducto,PrecioTotal,CantidadProducto) VALUES (82,199,1247,35633.69,341);
INSERT INTO Constar(IDVenta,IDLista,PrecioProducto,PrecioTotal,CantidadProducto) VALUES (83,200,511,83067.64,119);

-- Población de la tabla Pertenecer
INSERT INTO Pertenecer(IDSucursal,IDInventario,Nombre,Calle,Numero,Alcaldia,CodigoPostal,DNI,NumCuentaBancaria,PaginaWeb,HoraApertura,HoraCierre,FechaApertura,TotalInventario) VALUES (300,201,'Xochimilco','Cuauhtémoc',187,'Xochimilco',93204,'97945219U',43442040,'https://www.elgranabarrotero-200.com','7:28:48','22:35:16','1976-07-30',340);
INSERT INTO Pertenecer(IDSucursal,IDInventario,Nombre,Calle,Numero,Alcaldia,CodigoPostal,DNI,NumCuentaBancaria,PaginaWeb,HoraApertura,HoraCierre,FechaApertura,TotalInventario) VALUES (301,202,'Xochimilco','Constitución',285,'Xochimilco',18677,'78369629Y',46343646,'https://www.elgranabarrotero-200.com','6:25:38','22:19:47','1960-02-15',406);
INSERT INTO Pertenecer(IDSucursal,IDInventario,Nombre,Calle,Numero,Alcaldia,CodigoPostal,DNI,NumCuentaBancaria,PaginaWeb,HoraApertura,HoraCierre,FechaApertura,TotalInventario) VALUES (302,203,'Milpa Alta','Allende',20,'Milpa Alta',71512,'94961551N',23865564,'https://www.elgranabarrotero-200.com','7:50:22','22:32:07','1975-01-23',154);
INSERT INTO Pertenecer(IDSucursal,IDInventario,Nombre,Calle,Numero,Alcaldia,CodigoPostal,DNI,NumCuentaBancaria,PaginaWeb,HoraApertura,HoraCierre,FechaApertura,TotalInventario) VALUES (303,204,'La Magdalena Contreras','Tlalpan',171,'La Magdalena Contreras',83065,'02068498D',20936034,'https://www.elgranabarrotero-220.com','7:26:07','23:08:48','2019-04-09',104);
INSERT INTO Pertenecer(IDSucursal,IDInventario,Nombre,Calle,Numero,Alcaldia,CodigoPostal,DNI,NumCuentaBancaria,PaginaWeb,HoraApertura,HoraCierre,FechaApertura,TotalInventario) VALUES (304,205,'Álvaro Obregón','16 de Septiembre',37,'Álvaro Obregón',96291,'18271328F',72986613,'https://www.elgranabarrotero-020.com','7:45:24','23:04:40','1965-10-30',111);
INSERT INTO Pertenecer(IDSucursal,IDInventario,Nombre,Calle,Numero,Alcaldia,CodigoPostal,DNI,NumCuentaBancaria,PaginaWeb,HoraApertura,HoraCierre,FechaApertura,TotalInventario) VALUES (305,206,'Álvaro Obregón','Cuauhtémoc',285,'Álvaro Obregón',38057,'94158361Q',33807966,'https://www.elgranabarrotero-200.com','7:24:03','23:42:13','2018-11-08',722);
INSERT INTO Pertenecer(IDSucursal,IDInventario,Nombre,Calle,Numero,Alcaldia,CodigoPostal,DNI,NumCuentaBancaria,PaginaWeb,HoraApertura,HoraCierre,FechaApertura,TotalInventario) VALUES (306,207,'Milpa Alta','Constitución',75,'Milpa Alta',21463,'69293607W',41309246,'https://www.elgranabarrotero-002.com','7:06:43','23:11:39','1982-11-10',101);
INSERT INTO Pertenecer(IDSucursal,IDInventario,Nombre,Calle,Numero,Alcaldia,CodigoPostal,DNI,NumCuentaBancaria,PaginaWeb,HoraApertura,HoraCierre,FechaApertura,TotalInventario) VALUES (307,208,'Gustavo A. Madero','Morelos',291,'Gustavo A. Madero',11181,'00069167N',42945451,'https://www.elgranabarrotero-013.com','6:12:15','22:43:46','2015-02-09',322);
INSERT INTO Pertenecer(IDSucursal,IDInventario,Nombre,Calle,Numero,Alcaldia,CodigoPostal,DNI,NumCuentaBancaria,PaginaWeb,HoraApertura,HoraCierre,FechaApertura,TotalInventario) VALUES (308,209,'Tláhuac','Avenida México',159,'Tláhuac',47346,'47514124U',58802799,'https://www.elgranabarrotero-000.com','6:20:12','23:49:14','1956-03-13',802);
INSERT INTO Pertenecer(IDSucursal,IDInventario,Nombre,Calle,Numero,Alcaldia,CodigoPostal,DNI,NumCuentaBancaria,PaginaWeb,HoraApertura,HoraCierre,FechaApertura,TotalInventario) VALUES (309,210,'Tlalpan','Zaragoza',249,'Tlalpan',26267,'04934280M',17341919,'https://www.elgranabarrotero-100.com','6:44:25','23:16:54','1996-05-30',270);
INSERT INTO Pertenecer(IDSucursal,IDInventario,Nombre,Calle,Numero,Alcaldia,CodigoPostal,DNI,NumCuentaBancaria,PaginaWeb,HoraApertura,HoraCierre,FechaApertura,TotalInventario) VALUES (310,211,'Xochimilco','Insurgentes',164,'Xochimilco',80900,'95302332E',98320785,'https://www.elgranabarrotero-000.com','7:23:43','23:16:10','1949-02-19',834);
INSERT INTO Pertenecer(IDSucursal,IDInventario,Nombre,Calle,Numero,Alcaldia,CodigoPostal,DNI,NumCuentaBancaria,PaginaWeb,HoraApertura,HoraCierre,FechaApertura,TotalInventario) VALUES (311,212,'Cuauhtémoc','Cuauhtémoc',103,'Cuauhtémoc',25541,'01501655W',64049226,'https://www.elgranabarrotero-302.com','6:47:48','22:25:47','2001-10-25',250);
INSERT INTO Pertenecer(IDSucursal,IDInventario,Nombre,Calle,Numero,Alcaldia,CodigoPostal,DNI,NumCuentaBancaria,PaginaWeb,HoraApertura,HoraCierre,FechaApertura,TotalInventario) VALUES (312,213,'Gustavo A. Madero','Guerrero',293,'Gustavo A. Madero',44200,'12965821Y',22735396,'https://www.elgranabarrotero-020.com','7:53:37','22:41:24','1941-08-23',147);
INSERT INTO Pertenecer(IDSucursal,IDInventario,Nombre,Calle,Numero,Alcaldia,CodigoPostal,DNI,NumCuentaBancaria,PaginaWeb,HoraApertura,HoraCierre,FechaApertura,TotalInventario) VALUES (313,214,'Milpa Alta','Paseo de la Reforma',204,'Milpa Alta',64247,'05605735L',16699747,'https://www.elgranabarrotero-000.com','7:32:16','23:56:26','1937-01-22',469);
INSERT INTO Pertenecer(IDSucursal,IDInventario,Nombre,Calle,Numero,Alcaldia,CodigoPostal,DNI,NumCuentaBancaria,PaginaWeb,HoraApertura,HoraCierre,FechaApertura,TotalInventario) VALUES (314,215,'Tláhuac','Revolución',239,'Tláhuac',40079,'76292755Y',23207613,'https://www.elgranabarrotero-202.com','6:26:42','23:15:09','1978-07-03',417);
INSERT INTO Pertenecer(IDSucursal,IDInventario,Nombre,Calle,Numero,Alcaldia,CodigoPostal,DNI,NumCuentaBancaria,PaginaWeb,HoraApertura,HoraCierre,FechaApertura,TotalInventario) VALUES (315,216,'Xochimilco','5 de Mayo',199,'Xochimilco',53709,'82551702O',61754488,'https://www.elgranabarrotero-022.com','7:10:29','23:44:16','1931-11-21',813);
INSERT INTO Pertenecer(IDSucursal,IDInventario,Nombre,Calle,Numero,Alcaldia,CodigoPostal,DNI,NumCuentaBancaria,PaginaWeb,HoraApertura,HoraCierre,FechaApertura,TotalInventario) VALUES (316,217,'Xochimilco','Benito Juárez',66,'Xochimilco',87691,'82485984T',53688170,'https://www.elgranabarrotero-321.com','6:59:19','23:07:03','1981-01-12',996);
INSERT INTO Pertenecer(IDSucursal,IDInventario,Nombre,Calle,Numero,Alcaldia,CodigoPostal,DNI,NumCuentaBancaria,PaginaWeb,HoraApertura,HoraCierre,FechaApertura,TotalInventario) VALUES (317,218,'Milpa Alta','Madero',89,'Milpa Alta',67816,'80613546P',28124902,'https://www.elgranabarrotero-002.com','7:23:22','22:28:57','1958-02-24',635);
INSERT INTO Pertenecer(IDSucursal,IDInventario,Nombre,Calle,Numero,Alcaldia,CodigoPostal,DNI,NumCuentaBancaria,PaginaWeb,HoraApertura,HoraCierre,FechaApertura,TotalInventario) VALUES (318,219,'Cuauhtémoc','Madero',41,'Cuauhtémoc',50248,'43952505N',78375612,'https://www.elgranabarrotero-000.com','6:31:37','22:36:12','1991-05-20',688);
INSERT INTO Pertenecer(IDSucursal,IDInventario,Nombre,Calle,Numero,Alcaldia,CodigoPostal,DNI,NumCuentaBancaria,PaginaWeb,HoraApertura,HoraCierre,FechaApertura,TotalInventario) VALUES (319,220,'Venustiano Carranza','5 de Mayo',135,'Venustiano Carranza',14536,'59853368R',88481671,'https://www.elgranabarrotero-120.com','7:06:54','22:27:22','1966-03-28',202);
INSERT INTO Pertenecer(IDSucursal,IDInventario,Nombre,Calle,Numero,Alcaldia,CodigoPostal,DNI,NumCuentaBancaria,PaginaWeb,HoraApertura,HoraCierre,FechaApertura,TotalInventario) VALUES (320,221,'Iztapalapa','Obregón',157,'Iztapalapa',83362,'04490644Z',53476848,'https://www.elgranabarrotero-222.com','6:21:58','23:45:11','1972-06-17',105);
INSERT INTO Pertenecer(IDSucursal,IDInventario,Nombre,Calle,Numero,Alcaldia,CodigoPostal,DNI,NumCuentaBancaria,PaginaWeb,HoraApertura,HoraCierre,FechaApertura,TotalInventario) VALUES (321,222,'Benito Juárez','Hidalgo',205,'Benito Juárez',36306,'84057159X',68475161,'https://www.elgranabarrotero-002.com','7:38:29','23:37:03','1999-12-24',446);
INSERT INTO Pertenecer(IDSucursal,IDInventario,Nombre,Calle,Numero,Alcaldia,CodigoPostal,DNI,NumCuentaBancaria,PaginaWeb,HoraApertura,HoraCierre,FechaApertura,TotalInventario) VALUES (322,223,'Gustavo A. Madero','Álvaro Obregón',128,'Gustavo A. Madero',75317,'29840134A',23826277,'https://www.elgranabarrotero-020.com','7:22:23','23:40:07','1991-10-16',101);
INSERT INTO Pertenecer(IDSucursal,IDInventario,Nombre,Calle,Numero,Alcaldia,CodigoPostal,DNI,NumCuentaBancaria,PaginaWeb,HoraApertura,HoraCierre,FechaApertura,TotalInventario) VALUES (323,224,'Iztacalco','Tlalpan',36,'Iztacalco',91835,'94505246K',51361527,'https://www.elgranabarrotero-220.com','7:20:39','22:48:54','1972-04-14',658);
INSERT INTO Pertenecer(IDSucursal,IDInventario,Nombre,Calle,Numero,Alcaldia,CodigoPostal,DNI,NumCuentaBancaria,PaginaWeb,HoraApertura,HoraCierre,FechaApertura,TotalInventario) VALUES (324,225,'Milpa Alta','Álvaro Obregón',204,'Milpa Alta',23043,'72537840C',19402460,'https://www.elgranabarrotero-203.com','6:48:54','22:53:36','1998-12-01',992);
INSERT INTO Pertenecer(IDSucursal,IDInventario,Nombre,Calle,Numero,Alcaldia,CodigoPostal,DNI,NumCuentaBancaria,PaginaWeb,HoraApertura,HoraCierre,FechaApertura,TotalInventario) VALUES (325,226,'Iztapalapa','Avenida México',83,'Iztapalapa',86694,'94773600W',54630033,'https://www.elgranabarrotero-000.com','6:11:39','23:07:50','2019-12-22',955);
INSERT INTO Pertenecer(IDSucursal,IDInventario,Nombre,Calle,Numero,Alcaldia,CodigoPostal,DNI,NumCuentaBancaria,PaginaWeb,HoraApertura,HoraCierre,FechaApertura,TotalInventario) VALUES (326,227,'Cuajimalpa de Morelos','Vicente Guerrero',160,'Cuajimalpa de Morelos',98843,'37790006H',50702674,'https://www.elgranabarrotero-000.com','6:50:18','22:21:30','1982-06-13',615);
INSERT INTO Pertenecer(IDSucursal,IDInventario,Nombre,Calle,Numero,Alcaldia,CodigoPostal,DNI,NumCuentaBancaria,PaginaWeb,HoraApertura,HoraCierre,FechaApertura,TotalInventario) VALUES (327,228,'La Magdalena Contreras','Independencia',222,'La Magdalena Contreras',51735,'47572834Q',18858169,'https://www.elgranabarrotero-001.com','6:44:28','22:48:19','2008-05-12',70);
INSERT INTO Pertenecer(IDSucursal,IDInventario,Nombre,Calle,Numero,Alcaldia,CodigoPostal,DNI,NumCuentaBancaria,PaginaWeb,HoraApertura,HoraCierre,FechaApertura,TotalInventario) VALUES (328,229,'Cuauhtémoc','Hidalgo',216,'Cuauhtémoc',77978,'26936031B',62938382,'https://www.elgranabarrotero-020.com','7:55:19','22:50:52','2021-04-11',140);
INSERT INTO Pertenecer(IDSucursal,IDInventario,Nombre,Calle,Numero,Alcaldia,CodigoPostal,DNI,NumCuentaBancaria,PaginaWeb,HoraApertura,HoraCierre,FechaApertura,TotalInventario) VALUES (329,230,'Cuauhtémoc','Benito Juárez',80,'Cuauhtémoc',16770,'74694240X',40301208,'https://www.elgranabarrotero-000.com','6:38:02','22:20:43','1940-06-04',528);
INSERT INTO Pertenecer(IDSucursal,IDInventario,Nombre,Calle,Numero,Alcaldia,CodigoPostal,DNI,NumCuentaBancaria,PaginaWeb,HoraApertura,HoraCierre,FechaApertura,TotalInventario) VALUES (330,231,'Xochimilco','Álvaro Obregón',81,'Xochimilco',49606,'33446909D',44820779,'https://www.elgranabarrotero-002.com','6:10:35','22:59:28','1949-08-25',31);
INSERT INTO Pertenecer(IDSucursal,IDInventario,Nombre,Calle,Numero,Alcaldia,CodigoPostal,DNI,NumCuentaBancaria,PaginaWeb,HoraApertura,HoraCierre,FechaApertura,TotalInventario) VALUES (331,232,'Cuajimalpa de Morelos','Benito Juárez',189,'Cuajimalpa de Morelos',84428,'79652198S',73775425,'https://www.elgranabarrotero-000.com','7:40:35','22:54:38','2003-11-25',63);
INSERT INTO Pertenecer(IDSucursal,IDInventario,Nombre,Calle,Numero,Alcaldia,CodigoPostal,DNI,NumCuentaBancaria,PaginaWeb,HoraApertura,HoraCierre,FechaApertura,TotalInventario) VALUES (332,233,'Milpa Alta','Cuauhtémoc',91,'Milpa Alta',86540,'66880552Z',79537043,'https://www.elgranabarrotero-000.com','6:23:22','23:58:45','2006-04-29',905);
INSERT INTO Pertenecer(IDSucursal,IDInventario,Nombre,Calle,Numero,Alcaldia,CodigoPostal,DNI,NumCuentaBancaria,PaginaWeb,HoraApertura,HoraCierre,FechaApertura,TotalInventario) VALUES (333,234,'Azcapotzalco','5 de Mayo',198,'Azcapotzalco',44633,'97414562F',89826318,'https://www.elgranabarrotero-222.com','6:33:31','23:36:26','1977-03-22',336);
INSERT INTO Pertenecer(IDSucursal,IDInventario,Nombre,Calle,Numero,Alcaldia,CodigoPostal,DNI,NumCuentaBancaria,PaginaWeb,HoraApertura,HoraCierre,FechaApertura,TotalInventario) VALUES (334,235,'Cuajimalpa de Morelos','Independencia',154,'Cuajimalpa de Morelos',78988,'10286527Z',35755871,'https://www.elgranabarrotero-200.com','7:57:59','22:03:01','1961-08-18',621);
INSERT INTO Pertenecer(IDSucursal,IDInventario,Nombre,Calle,Numero,Alcaldia,CodigoPostal,DNI,NumCuentaBancaria,PaginaWeb,HoraApertura,HoraCierre,FechaApertura,TotalInventario) VALUES (335,236,'Tlalpan','Reforma',220,'Tlalpan',27205,'06843629F',96892482,'https://www.elgranabarrotero-000.com','7:49:58','22:54:41','1977-03-30',266);
INSERT INTO Pertenecer(IDSucursal,IDInventario,Nombre,Calle,Numero,Alcaldia,CodigoPostal,DNI,NumCuentaBancaria,PaginaWeb,HoraApertura,HoraCierre,FechaApertura,TotalInventario) VALUES (336,237,'Tlalpan','Insurgentes',235,'Tlalpan',55063,'11885551U',82032724,'https://www.elgranabarrotero-000.com','6:17:31','22:37:46','2020-08-31',430);
INSERT INTO Pertenecer(IDSucursal,IDInventario,Nombre,Calle,Numero,Alcaldia,CodigoPostal,DNI,NumCuentaBancaria,PaginaWeb,HoraApertura,HoraCierre,FechaApertura,TotalInventario) VALUES (337,238,'Cuajimalpa de Morelos','Insurgentes',210,'Cuajimalpa de Morelos',22866,'74908247Q',37717214,'https://www.elgranabarrotero-022.com','6:21:44','22:56:33','2000-09-16',163);
INSERT INTO Pertenecer(IDSucursal,IDInventario,Nombre,Calle,Numero,Alcaldia,CodigoPostal,DNI,NumCuentaBancaria,PaginaWeb,HoraApertura,HoraCierre,FechaApertura,TotalInventario) VALUES (338,239,'Tláhuac','Obregón',232,'Tláhuac',83615,'58843190M',62475472,'https://www.elgranabarrotero-000.com','6:19:45','23:20:17','1935-01-06',475);
INSERT INTO Pertenecer(IDSucursal,IDInventario,Nombre,Calle,Numero,Alcaldia,CodigoPostal,DNI,NumCuentaBancaria,PaginaWeb,HoraApertura,HoraCierre,FechaApertura,TotalInventario) VALUES (339,240,'Gustavo A. Madero','5 de Mayo',268,'Gustavo A. Madero',75858,'47853984B',92775564,'https://www.elgranabarrotero-000.com','6:15:47','22:22:20','1933-08-02',444);
INSERT INTO Pertenecer(IDSucursal,IDInventario,Nombre,Calle,Numero,Alcaldia,CodigoPostal,DNI,NumCuentaBancaria,PaginaWeb,HoraApertura,HoraCierre,FechaApertura,TotalInventario) VALUES (340,241,'Iztapalapa','Paseo de la Reforma',66,'Iztapalapa',32713,'98123496P',39139340,'https://www.elgranabarrotero-000.com','7:57:58','22:54:18','1942-06-11',274);
INSERT INTO Pertenecer(IDSucursal,IDInventario,Nombre,Calle,Numero,Alcaldia,CodigoPostal,DNI,NumCuentaBancaria,PaginaWeb,HoraApertura,HoraCierre,FechaApertura,TotalInventario) VALUES (341,242,'Iztapalapa','Zaragoza',207,'Iztapalapa',37581,'00398647W',35386474,'https://www.elgranabarrotero-002.com','6:40:28','22:27:43','1974-12-20',582);
INSERT INTO Pertenecer(IDSucursal,IDInventario,Nombre,Calle,Numero,Alcaldia,CodigoPostal,DNI,NumCuentaBancaria,PaginaWeb,HoraApertura,HoraCierre,FechaApertura,TotalInventario) VALUES (342,243,'Álvaro Obregón','Independencia',141,'Álvaro Obregón',62221,'54721337A',35004774,'https://www.elgranabarrotero-330.com','6:39:23','23:46:48','1988-07-30',45);
INSERT INTO Pertenecer(IDSucursal,IDInventario,Nombre,Calle,Numero,Alcaldia,CodigoPostal,DNI,NumCuentaBancaria,PaginaWeb,HoraApertura,HoraCierre,FechaApertura,TotalInventario) VALUES (343,244,'Tláhuac','Morelos',21,'Tláhuac',90214,'69463241S',29317631,'https://www.elgranabarrotero-200.com','7:53:57','22:44:57','1965-01-07',182);
INSERT INTO Pertenecer(IDSucursal,IDInventario,Nombre,Calle,Numero,Alcaldia,CodigoPostal,DNI,NumCuentaBancaria,PaginaWeb,HoraApertura,HoraCierre,FechaApertura,TotalInventario) VALUES (344,245,'Cuauhtémoc','Nezahualcóyotl',37,'Cuauhtémoc',35994,'34625670D',98468311,'https://www.elgranabarrotero-030.com','7:02:52','22:36:28','1991-06-28',610);
INSERT INTO Pertenecer(IDSucursal,IDInventario,Nombre,Calle,Numero,Alcaldia,CodigoPostal,DNI,NumCuentaBancaria,PaginaWeb,HoraApertura,HoraCierre,FechaApertura,TotalInventario) VALUES (345,246,'Cuajimalpa de Morelos','Tlalpan',265,'Cuajimalpa de Morelos',95959,'30060472H',75432185,'https://www.elgranabarrotero-000.com','7:51:09','22:25:00','1956-04-11',791);
INSERT INTO Pertenecer(IDSucursal,IDInventario,Nombre,Calle,Numero,Alcaldia,CodigoPostal,DNI,NumCuentaBancaria,PaginaWeb,HoraApertura,HoraCierre,FechaApertura,TotalInventario) VALUES (346,247,'Tlalpan','López Mateos',284,'Tlalpan',60177,'22069657C',84936394,'https://www.elgranabarrotero-100.com','6:51:32','23:07:54','2016-03-26',144);
INSERT INTO Pertenecer(IDSucursal,IDInventario,Nombre,Calle,Numero,Alcaldia,CodigoPostal,DNI,NumCuentaBancaria,PaginaWeb,HoraApertura,HoraCierre,FechaApertura,TotalInventario) VALUES (347,248,'Milpa Alta','Avenida México',93,'Milpa Alta',80447,'72560217K',98550836,'https://www.elgranabarrotero-003.com','7:42:10','22:08:47','1962-09-18',516);
INSERT INTO Pertenecer(IDSucursal,IDInventario,Nombre,Calle,Numero,Alcaldia,CodigoPostal,DNI,NumCuentaBancaria,PaginaWeb,HoraApertura,HoraCierre,FechaApertura,TotalInventario) VALUES (348,249,'Tláhuac','Nezahualcóyotl',104,'Tláhuac',80364,'35739711Q',40619116,'https://www.elgranabarrotero-120.com','6:48:18','22:53:31','1969-01-04',614);
INSERT INTO Pertenecer(IDSucursal,IDInventario,Nombre,Calle,Numero,Alcaldia,CodigoPostal,DNI,NumCuentaBancaria,PaginaWeb,HoraApertura,HoraCierre,FechaApertura,TotalInventario) VALUES (349,250,'Azcapotzalco','Insurgentes',225,'Azcapotzalco',80423,'64752383V',89013270,'https://www.elgranabarrotero-202.com','7:51:41','23:50:09','1980-01-12',740);