IDCajero,IDSucursal,Nombre,ApellidoP,ApellidoM,Calle,Numero,CodigoPostal,Alcaldia,FechaNacimiento,NSS,DNI,Sueldo,NumDiasVacaciones,FechaIngreso
101,201,Deborah,Gierth,Bente,Dennis,338563,56830,Alabama,2004-04-10,95978946114,204418560,7985.8,11,2023-04-29
102,202,Emile,Di Matteo,Disdel,Mccormick,406422,61204,Tennessee,2018-02-24,53724131344,171707871,4254.16,6,2023-01-07
103,203,Abbi,Calderon,Christon,Becker,261988,42309,New York,2015-09-28,31365832715,294377697,5271.6,7,2022-11-06
104,204,Marney,Devanney,Cossem,Mayer,48124,59456,New York,2014-04-02,33906936931,533374001,6097.75,4,2023-04-04
105,205,Roderich,McGann,Lycett,Bowman,43635,23677,California,2022-04-09,84946697197,537766665,1172.25,26,2022-10-26
106,206,Farleigh,Petroff,Underwood,Mendota,170874,76012,Florida,2015-10-22,93842081591,174982307,3156.81,19,2022-09-07
107,207,Noreen,Stellman,Hingeley,Talmadge,400316,53503,Alabama,2018-12-15,69885222418,287002811,849.45,6,2023-01-01
108,208,Florinda,Dun,Instone,Eastwood,329000,57786,Texas,2005-06-06,94692895661,425401620,420.45,15,2022-10-15
109,209,Alverta,Hansard,Tixier,Thackeray,294364,67983,Tennessee,2004-06-08,83464569909,427855679,3881.32,4,2022-10-28
110,210,Cathi,Tynemouth,Metzel,Pepper Wood,8207,55109,Illinois,2019-01-07,10162724287,129645849,6733.05,14,2023-02-18
111,211,Miguela,Bruford,Walbrun,Forest,173018,96281,Texas,2005-09-01,16315835570,118252741,1331.63,1,2023-04-29
112,212,Adria,Braznell,Ahrenius,Monica,39975,49075,Washington,2005-11-22,92316628285,343521027,3307.96,16,2023-02-20
113,213,Roberto,Lghan,Muslim,Derek,457037,76197,California,2014-07-23,93756303607,239517021,8615.77,28,2023-02-21
114,214,Linn,Aubin,Friary,Dawn,445341,34243,Pennsylvania,2022-01-19,53639640253,502134185,4731.26,5,2023-01-29
115,215,Pennie,Rapsey,Senechault,4th,426115,73211,California,2014-06-03,13083748712,87962175,6630.62,29,2022-08-06
116,216,Keir,Drane,Durrell,Donald,178026,83719,Utah,2012-03-20,85308214603,148564094,9948.29,24,2022-06-07
117,217,Geri,Howson,McQuarter,Bobwhite,51455,56108,California,2001-09-12,39959584328,80725786,7616.29,3,2022-06-04
118,218,Norry,Shilton,Kernley,Maryland,368110,42269,Massachusetts,2013-06-25,95582021168,74379875,6760.83,21,2022-11-23
119,219,Aloin,Lomen,Holdey,Duke,234532,75575,Indiana,2018-04-14,74132069885,83555917,5450.34,20,2022-08-21
120,220,Rosetta,Marrett,Asp,American,510612,16964,Wisconsin,2003-11-17,59810709934,290914430,5627.27,21,2022-07-20
121,221,Titus,Challice,Cheevers,Fremont,227605,65334,California,2003-10-06,33208797858,48456971,5895.95,5,2023-04-04
122,222,Valerie,Puddan,Redhills,Welch,358314,41466,Missouri,2019-06-10,99800065459,246629847,3325.57,8,2022-11-07
123,223,Rebbecca,Wind,Benfell,Esch,145325,55012,Texas,2006-07-25,36197938086,25345393,2476.89,12,2023-03-29
124,224,Harlan,Spindler,Negri,Mandrake,378377,69214,Virginia,2023-04-02,44431564609,348520895,3381.82,14,2022-09-10
125,225,Paten,de Glanville,Giraudo,Clove,338462,97581,California,2022-11-21,65470002937,234112415,5141.13,23,2023-01-21
126,226,Whitby,Barford,Boldra,Atwood,113194,49627,Ohio,2005-04-27,99673883661,197460046,4564.93,8,2022-12-18
127,227,Ragnar,Lombard,O' Connell,Colorado,62767,21337,Indiana,2005-10-07,53650224237,361668484,897.86,16,2023-02-20
128,228,Rem,Jaan,Robertsen,Fairfield,485507,80623,Colorado,2020-09-17,45013079690,416980677,8315.0,9,2023-04-15
129,229,Eda,Browne,O'Donohue,Laurel,432809,24516,Arizona,2015-08-22,73464233001,62299440,4533.61,19,2022-07-18
130,230,Abbe,Windridge,Alman,Farmco,153556,50661,Colorado,2023-04-11,19150219677,191989634,7433.98,29,2022-05-23
131,231,Jonah,Hame,Simmgen,Lake View,189330,27716,Georgia,2021-06-17,95066356414,168679608,1493.0,10,2022-10-08
132,232,Anatol,Purchase,Littrell,Morningstar,489523,21862,Massachusetts,2023-03-23,40663833767,248435169,9799.57,7,2023-01-23
133,233,Dionne,Wholesworth,Ravenhill,6th,505082,50681,Texas,2002-01-06,55612244985,552106462,1681.49,11,2023-01-20
134,234,Karie,de Vaen,Hame,Old Gate,154084,64672,Xochimilco,2018-06-08,41483679704,93251050,8022.55,15,2022-10-27
135,235,Fleming,Ivannikov,Soppeth,Paget,425537,42395,Georgia,2001-10-22,77140451458,36037915,6918.49,28,2022-10-15
136,236,Lyell,Brignall,Roostan,Barby,147848,65565,Florida,2009-04-02,91189077244,268753207,9421.94,12,2022-10-20
137,237,Alphard,Tucknutt,Brandi,Lillian,452904,92599,Xochimilco,2008-05-01,73713000442,515899825,9231.61,10,2022-10-17
138,238,Pam,Illes,Bonar,Larry,225015,25211,Ohio,2001-06-16,37756402227,227276590,425.49,3,2023-03-09
139,239,Tome,Charkham,Boraston,Melby,332867,23566,Florida,2020-01-07,34443370833,555038143,5701.49,1,2023-04-11
140,240,Danya,Shine,Dannel,Moland,103804,93499,Arkansas,2011-08-29,17547188320,314079856,4627.87,26,2022-07-30
141,241,Abey,Vidyapin,Smuth,Utah,367672,77528,Texas,2023-04-22,83913513699,100889684,544.84,17,2022-11-13
142,242,Ferrel,Bartel,Caldeyroux,Summer Ridge,400684,58222,Virginia,2014-10-30,34778135353,189636031,2908.94,5,2023-02-10
143,243,Emlynn,Barneveld,Barlee,Sloan,118061,72220,Texas,2014-06-28,58961750764,118822602,9386.87,1,2023-02-08
144,244,Price,Ucceli,Dincke,Mendota,446300,62091,California,2015-07-20,41773557521,409317334,3704.94,25,2022-06-06
145,245,Clovis,Lohrensen,Capelow,Springview,2068,33017,Illinois,2012-11-14,15525180193,80992552,2947.36,10,2022-09-03
146,246,Oneida,Norridge,Leeder,Hanson,240109,49731,Pennsylvania,2023-01-27,67527489521,380928263,210.56,16,2023-02-16
147,247,Adrien,Greally,Pilmoor,Walton,335483,88213,New Mexico,2011-10-14,95259285483,529765593,4004.03,27,2022-11-09
148,248,Winnah,Crabbe,Corfield,Judy,247346,87281,Minnesota,2018-12-03,99508640006,316639491,435.36,25,2022-09-30
149,249,Dill,Reilly,Angric,Eastlawn,46865,57852,Colorado,2011-03-28,83934582624,405109341,2964.29,29,2023-03-03
150,250,Oswell,Shovelin,Velte,Bunker Hill,73782,97329,Indiana,2012-04-05,95050039672,255828484,3154.65,30,2022-05-20
151,251,Sayer,Longo,Blight,Schmedeman,511070,73817,Washington,2018-05-25,39688628195,416452478,6154.12,25,2022-06-07
152,252,Gwenneth,Trematick,Sherebrook,Calypso,18421,94824,New York,2014-06-16,69694271974,278272110,1165.39,19,2022-11-03
153,253,Reinald,Tuohy,Gunny,La Follette,373015,70688,Delaware,2006-07-27,15317088227,552770348,3333.57,21,2023-04-06
154,254,Hallsy,D'Ugo,Murtimer,Grim,346907,26944,Texas,2008-10-28,68156135607,232177215,3284.67,6,2022-12-09
155,255,Celina,Stoffler,Ruddick,Beilfuss,84419,52754,Tennessee,2004-11-16,34951982077,45518181,1263.98,5,2022-05-17
156,256,Daphene,Gelderd,Jedrzejczyk,Fieldstone,28024,51444,California,2005-11-18,37833842450,12044163,4325.6,21,2023-01-06
157,257,Giralda,Stoggell,Bishell,Pawling,188018,90864,Florida,2004-07-03,38396055130,290320611,5633.74,2,2023-02-21
158,258,Gayler,Gales,Leyson,North,419086,26284,Arizona,2002-12-23,82076778421,266972640,9026.67,7,2023-01-21
159,259,Juliane,Dunley,Rowsell,Banding,125029,32418,Pennsylvania,2021-11-24,76952203234,97531785,9487.91,14,2022-12-24
160,260,Pattie,Cole,Cawsey,Logan,277001,80919,Texas,2011-11-25,82763664766,565178534,8838.28,30,2023-02-18
161,261,Seward,Cortese,Rosgen,Jay,144330,87717,Texas,2009-04-16,64033579384,531522120,6718.85,27,2023-03-31
162,262,Tiebout,Sackes,Eirwin,Debs,165782,55688,California,2011-01-26,26454216579,355875481,3130.82,26,2022-05-25
163,263,Rodger,Coutts,Filochov,Haas,400233,97004,Oregon,2013-02-13,54382668287,535822854,2550.88,14,2023-01-28
164,264,Reg,Burbridge,Sexton,Larry,333656,86086,Virginia,2014-02-11,92775130598,56268765,8624.71,19,2022-09-22
165,265,Raychel,Moneypenny,Martins,Milwaukee,427370,12199,Washington,2019-08-25,43992839926,153911341,1648.21,2,2022-11-01
166,266,Corrie,Muzzillo,Chilley,Red Cloud,208279,24686,Virginia,2021-06-20,56017233706,200483717,9638.86,19,2022-07-16
167,267,Tomasine,Sandell,Banks,Maywood,117722,63889,North Carolina,2008-05-19,95644262159,12300423,3486.98,6,2022-06-08
168,268,Wynny,Trownson,Kenwrick,8th,302149,81813,Virginia,2018-09-05,10742758161,522505220,623.34,4,2022-05-21
169,269,Muhammad,Malin,Picken,Surrey,499564,58621,Florida,2005-01-13,90519510484,42131931,5256.13,24,2023-04-22
170,270,Noak,Haward,Paoletto,Everett,112179,95191,Florida,2007-01-21,46137365535,482343867,2104.42,10,2022-08-11
171,271,Pavla,Donat,Meas,Eagle Crest,325397,17796,Texas,2008-12-17,49572606045,198570900,1016.51,3,2022-08-20
172,272,Yolanda,Gaenor,Bouchard,Little Fleur,472427,45945,Texas,2020-11-18,67712208996,517128989,3438.29,5,2022-12-08
173,273,Cindi,Ivons,Whiff,Almo,367302,46789,Florida,2021-10-05,92995862422,88146651,903.78,6,2022-12-26
174,274,Sharai,Dwyer,Norquoy,Park Meadow,233559,62957,Texas,2013-08-26,56591005055,213349397,526.82,18,2022-08-17
175,275,Ash,Amies,Eicke,Judy,264877,41300,California,2020-10-20,48363532638,283579125,7275.99,20,2022-12-04
176,276,Haley,Truin,Raffon,Bellgrove,121513,87202,Texas,2023-04-05,32278710487,563130266,1980.2,11,2023-01-09
177,277,Teriann,Teese,Cardew,Maryland,425957,17583,Florida,2007-11-21,48760301257,24987259,4293.97,13,2022-12-29
178,278,Julieta,Lympenie,Stegell,Mosinee,478802,22506,Texas,2004-08-20,73374995628,487404622,5303.39,27,2023-02-22
179,279,Chase,Macknish,Dench,Union,482216,49059,Louisiana,2015-06-16,30045413053,19489958,1514.05,10,2022-09-08
180,280,Happy,Wolverson,Welldrake,8th,173335,67723,Indiana,2008-03-30,48322874593,197143748,9583.4,15,2023-01-17
181,281,Jeniece,Bengoechea,Eleshenar,Algoma,132385,39171,California,2016-12-01,65411932446,151440872,2670.7,18,2023-03-21
182,282,Ashlen,Yitzhakov,Heinschke,Butternut,91880,45732,Xochimilco,2011-07-03,74320964213,199304209,4441.55,27,2023-04-15
183,283,Roseann,Kindle,Spottiswood,Hanover,387927,57504,Xochimilco,2010-06-27,75835362411,184081691,6528.04,23,2022-07-03
184,284,Consalve,Sprouls,Scathard,Sundown,385022,67781,Arkansas,2006-12-20,66547088240,434797186,8320.12,29,2022-06-07
185,285,Crista,Matkovic,Baldi,Fisk,168932,96595,New York,2007-06-19,74083398801,252552373,4648.26,30,2022-09-29
186,286,Abram,Trainer,Blogg,Cherokee,458160,15401,Illinois,2015-08-23,49563903419,190588249,4470.37,10,2022-10-22
187,287,Pepe,Riolfi,Davidesco,Debra,13957,10383,California,2012-05-07,94474706256,424919176,5878.5,1,2022-07-22
188,288,Maddie,Bourne,Cosins,Schurz,66847,11361,Pennsylvania,2019-03-11,27528266115,405842921,4064.77,26,2022-11-12
189,289,Cheryl,Dunton,Blackadder,Mockingbird,120029,31196,California,2008-01-26,97493209997,320825930,9064.08,22,2022-12-19
190,290,Dolorita,Pipworth,Clethro,Ridgeview,344855,36137,Alabama,2016-09-26,94709632973,542207479,3793.75,23,2022-06-22
191,291,Daniella,de Amaya,MacKettrick,Lakeland,100992,54102,Massachusetts,2012-07-22,17449385424,200814723,5318.97,25,2022-10-25
192,292,Ofelia,Bodycombe,Camili,Linden,50048,21370,Iowa,2021-08-22,37994270372,56874811,7952.72,7,2022-10-07
193,293,Angelique,Winton,Farrell,Oxford,69031,53220,Washington,2017-09-14,12424028573,15902951,7331.56,11,2022-09-15
194,294,Catharina,Jacquemot,Shute,Pennsylvania,138128,72720,Rhode Island,2021-12-24,21213191858,328043085,1206.67,6,2023-03-03
195,295,Krishna,Hunnawill,Fairrie,Steensland,62835,44243,West Virginia,2012-09-09,83267189761,541648511,8826.21,20,2022-05-12
196,296,Eunice,Learoid,Olander,Golf View,499477,74578,Tennessee,2004-02-10,39027779896,105393497,533.54,11,2022-12-01
197,297,Arda,Spirritt,McGillreich,Roxbury,370223,33889,South Carolina,2010-04-30,85390839331,60782141,4426.55,18,2022-11-16
198,298,Adria,Belding,Bibbie,Crest Line,254864,22727,Arizona,2017-07-03,18707445657,263495567,9560.11,22,2023-01-08
199,299,Benetta,Shankle,Stowers,Dennis,328911,34398,Arizona,2003-09-25,49486960836,291721031,2918.73,4,2022-07-23
200,300,Ave,Tregenna,Rumney,Melvin,331767,77616,Xochimilco,2021-11-16,49618964653,165038577,3908.31,18,2023-03-11
