IDGerente,IDSucursal,Nombre,ApellidoP,ApellidoM,Calle,Numero,CodigoPostal,Alcaldia,FechaNacimiento,NSS,DNI,Sueldo,NumDiasVacaciones,FechaIngreso
301,201,Verile,Britney,Punt,Continental,173165,87796,Texas,2002-08-15,16137121479,475282127,4306.32,15,2023-02-10
302,202,Farlee,Le Fevre,Elsmere,7th,385480,44660,Michigan,2008-05-18,77565063099,401946787,8254.97,26,2022-07-09
303,203,Janeva,Frays,Mellem,Lillian,287676,33471,Nevada,2011-06-13,34399658405,196912017,9787.56,10,2023-01-10
304,204,Kelsey,Hinrichs,Fairey,Pawling,376336,82255,California,2005-09-04,28372083113,179300807,1776.91,8,2023-04-30
305,205,Nicholle,Dwelly,Lemonby,Schiller,141516,84925,Illinois,2007-03-20,85969243520,529507519,4209.39,14,2023-01-13
306,206,Marleah,Carlino,Queen,Eagle Crest,278788,15902,Georgia,2007-11-21,54096897519,49487902,3244.23,17,2022-10-30
307,207,Winny,Giacomo,Creavan,Merrick,214568,40101,Colorado,2002-03-27,25761236505,30946058,4756.63,21,2023-02-01
308,208,Fifi,Riep,Bernolet,Pankratz,412804,58842,California,2012-06-25,45815571198,92858012,5820.17,29,2023-01-28
309,209,Arty,Deniskevich,Fronks,Bultman,12809,92622,Texas,2012-03-20,27487806187,103863253,8292.75,1,2022-11-15
310,210,Rodge,Merill,Klisch,Vahlen,55475,30281,Washington,2011-02-12,14398899141,222683459,8137.12,16,2023-01-20
311,211,Alphonse,Zoane,Jennaroy,Del Sol,73280,75541,New Mexico,2013-07-05,49625130472,368403517,1457.1,24,2022-07-17
312,212,Hendrika,Alvarado,Leindecker,Crest Line,297770,66091,California,2007-04-07,70335332216,213620353,6394.54,8,2023-02-18
313,213,Harri,Faulo,Banbury,Reindahl,39214,25589,Arizona,2011-02-06,60132393954,67615909,7223.34,20,2022-09-30
314,214,Solomon,Gouge,Jaxon,Granby,77288,22197,California,2023-02-17,90493197798,560624361,8041.78,14,2022-12-16
315,215,Sigrid,Limpkin,Ceillier,Hooker,386445,12369,Texas,2009-02-03,44300339227,307802588,6820.41,11,2023-01-20
316,216,Janna,Nunes Nabarro,Astall,Cottonwood,226194,78746,Missouri,2022-11-29,76144483130,295957983,4605.09,22,2022-11-11
317,217,Jessee,Hindsberg,Carlick,1st,269632,87686,New York,2017-03-01,44219748588,493528554,5069.13,8,2023-02-06
318,218,Drusy,Jaan,Riche,Kennedy,56048,35055,Pennsylvania,2009-04-27,79217545130,208160276,3456.31,21,2023-03-26
319,219,Oates,Adshad,Peirone,Warner,108238,87244,Washington,2018-06-23,72945692931,197118365,8424.06,19,2022-10-15
320,220,Camala,Barten,Engel,6th,152096,54986,New York,2003-04-04,25162446225,27522180,9848.71,13,2022-08-23
321,221,Laryssa,Caulkett,Dyne,Little Fleur,158651,47535,South Carolina,2021-10-22,24344495041,513363752,9030.77,24,2023-02-06
322,222,Matilde,Savory,Fillery,Sunnyside,399573,75310,Texas,2021-11-24,57610263389,187663418,2609.55,14,2023-04-21
323,223,Gretal,Grundon,Brambell,Fairfield,449712,35898,Oklahoma,2006-08-06,29202960787,332440123,1324.66,17,2022-12-20
324,224,Kirbee,Stollenhof,Gooddy,Rockefeller,444444,58033,Virginia,2008-03-29,65122109097,197509478,8532.84,20,2023-01-20
325,225,Esdras,Balls,Doldon,Coleman,375966,21182,Ohio,2012-03-31,86650019288,563236938,9903.26,13,2023-04-07
326,226,Esdras,Geaveny,Cluderay,Buhler,499649,64406,Kansas,2006-07-29,58241207338,215083984,4360.54,26,2022-05-25
327,227,Nita,Bowden,Coopland,Del Sol,192012,31149,Colorado,2004-10-29,52538637224,419814173,9789.73,12,2022-11-22
328,228,Kandace,Paladino,Redpath,Esch,424622,49513,California,2020-07-06,42085569754,189684991,2075.21,10,2023-02-25
329,229,Sondra,Brickdale,Wipper,Magdeline,155543,63420,Washington,2022-02-25,25179942061,312178400,3969.3,9,2022-08-24
330,230,Trish,Baike,Wellsman,Lotheville,48760,59732,Nevada,2003-08-05,84025323164,512534943,8502.17,18,2023-04-14
331,231,Xylia,Morston,Meys,Independence,172358,80369,Florida,2001-11-16,71934838416,73911545,3945.38,26,2022-06-21
332,232,Rosalyn,Harrigan,Buske,David,242840,76593,California,2002-04-09,84156708794,65554290,8888.38,25,2022-10-22
333,233,Gawen,O'Hartigan,Ben-Aharon,Hagan,355404,43204,Florida,2008-06-02,70432713487,123777960,4191.76,25,2022-05-10
334,234,Caspar,Broomfield,Reichhardt,Daystar,350905,10085,Florida,2002-02-16,47667757807,546037311,4924.73,7,2022-08-29
335,235,Aguste,Coltart,Lezemere,Carioca,226721,16547,Washington,2018-09-06,58445137864,421004945,1788.99,12,2022-06-26
336,236,Gertrude,Park,Yanele,Corscot,161460,17171,Maryland,2019-12-09,12277741232,320782757,7155.45,30,2023-02-22
337,237,Mord,Arrighini,Adams,Merry,464013,74956,California,2019-02-01,33034535697,218398247,5214.58,2,2023-04-17
338,238,Tallulah,McKleod,Donegan,Melby,488673,87427,South Carolina,2007-03-30,18783326047,461724802,1468.14,28,2022-09-16
339,239,Marcille,Raffon,Borges,Harper,392640,34750,Iowa,2006-03-25,77693489262,464404168,3616.27,11,2023-02-03
340,240,Othella,Iwanczyk,Blakeslee,Mandrake,366361,13506,New Jersey,2004-02-17,78388644800,286716959,1566.39,23,2023-01-03
341,241,Portie,Bartleman,Malkin,Arkansas,252461,22381,Connecticut,2015-06-13,28453706586,167903128,1193.48,18,2023-03-31
342,242,Jillayne,Roderick,McCoughan,Luster,444753,17245,Massachusetts,2018-07-27,46229884204,55285031,8231.91,17,2023-01-31
343,243,Ardis,Albasini,Barosch,Fremont,225901,18707,Virginia,2016-02-11,78640742877,160006113,6620.71,20,2022-09-23
344,244,Verine,Curnick,Kelway,Kropf,158232,52182,Illinois,2021-06-07,20138004732,401992043,4542.16,7,2022-11-01
345,245,Tabbitha,Toulch,Barge,Forest Run,71052,49310,Florida,2006-01-09,48182762619,359805481,4603.62,17,2023-05-05
346,246,Merlina,Gonthier,Witty,Manitowish,206116,77078,Ohio,2001-09-20,38768057203,27299426,2821.54,29,2023-03-02
347,247,Martita,Rickis,Lusgdin,Fieldstone,22921,16554,Virginia,2010-10-15,60831540181,83098553,9121.62,28,2022-11-15
348,248,Brigid,Poe,Geerdts,Browning,52395,22801,Illinois,2011-09-23,35089285889,152976014,4376.53,2,2022-11-30
349,249,Talyah,Tawn,Kepling,Morrow,215311,24120,Washington,2016-06-14,25180682666,283629645,9463.89,24,2023-02-27
350,250,Carolina,Placide,Mariette,Mesta,509537,68848,New York,2014-02-16,58263545545,214718492,1198.78,24,2023-01-13
351,251,Arlene,Towhey,Bromell,Stone Corner,412721,75174,Hawaii,2007-05-13,32954921944,344996047,3361.35,6,2022-07-22
352,252,Ebonee,Wimms,Blase,Daystar,131893,57007,New Jersey,2007-10-11,15059431064,183608626,9135.4,14,2022-08-07
353,253,Lynna,Jain,Shackell,Lien,310930,87020,Texas,2003-08-29,99550214892,540913609,2116.92,15,2023-01-05
354,254,Cheston,Swinden,Pritchett,Evergreen,48516,49811,California,2019-04-10,33602658884,546631063,2011.21,5,2022-11-18
355,255,Anna-diana,Odlin,Fairfoot,Harper,386729,36258,Washington,2022-03-25,62831548320,267052578,9896.2,19,2022-08-24
356,256,Ceil,Whitbread,Kennler,Raven,464617,25939,California,2023-03-30,81616382104,47883626,4273.81,17,2022-06-12
357,257,Charles,Arne,McGeachey,East,311267,33119,Massachusetts,2015-04-05,49544786048,460843432,1653.49,21,2022-05-20
358,258,Marsha,Jesty,Guilliland,Johnson,291188,55793,South Carolina,2015-09-14,97672349456,542617881,2527.76,1,2022-06-06
359,259,Aigneis,Petrollo,Langdon,Park Meadow,54032,78952,California,2003-11-06,86934989446,353977438,7928.26,10,2022-10-25
360,260,Willie,Nealand,McKennan,Fuller,443293,74696,Indiana,2021-07-09,44351733785,348521710,5968.83,16,2022-10-07
361,261,Temple,Trowsdale,Learned,Eagan,346152,61594,Texas,2002-11-10,74889841453,98365480,7036.51,5,2022-06-06
362,262,Augusta,Welch,Milan,Pennsylvania,233591,41765,Xochimilco,2015-03-07,23312231586,197523586,9750.05,7,2022-11-18
363,263,Gunilla,Deviney,Gurwood,Union,445286,34857,Ohio,2012-11-20,67316309718,263952023,2548.31,6,2022-07-30
364,264,Francene,Elsom,Leathart,Sage,199788,89920,Wisconsin,2012-10-08,75763014217,141143419,7121.79,19,2022-07-10
365,265,Corey,Booler,Gudyer,Vahlen,210933,83828,Texas,2015-09-03,87469155490,237663032,2193.54,18,2023-02-20
366,266,Thadeus,Barradell,Darrigoe,Longview,286347,86207,Texas,2019-08-26,75750603810,409951571,1154.11,14,2022-10-10
367,267,Trever,Brahan,Wemyss,Chive,119145,96866,California,2005-03-31,63355270273,291072313,8784.91,3,2022-10-29
368,268,Shandy,Trundler,Biasini,Summit,359278,50485,Arizona,2019-07-11,42159023509,281966092,4674.04,27,2022-06-04
369,269,Alonso,Weyman,Aloigi,Westend,483595,42926,New York,2008-01-09,20923988090,51909190,1615.58,1,2022-08-06
370,270,Codi,Gaenor,Pereira,Sachtjen,391397,32639,Georgia,2004-01-20,77122799617,434852115,9732.44,2,2022-07-21
371,271,Farrand,Sones,Pailin,New Castle,24974,51936,Florida,2007-09-06,94329327456,563175875,2995.62,22,2022-12-07
372,272,Ileane,Bilbie,Carter,Armistice,80416,94564,Virginia,2022-08-29,52248762694,294717145,9410.78,27,2022-09-29
373,273,Papageno,Mattinson,Ockwell,Waubesa,4949,24142,California,2021-07-01,97410601134,336066221,7022.75,8,2022-09-06
374,274,Olympe,Call,Grove,Brickson Park,193436,30199,New York,2021-04-16,94164445643,233007478,9248.0,23,2023-02-03
375,275,Mozes,Jillins,Franzonello,Harper,68235,30203,Illinois,2018-10-17,62176210352,40997835,9616.06,4,2023-02-05
376,276,Lucien,Albasiny,Shimuk,Leroy,163940,18063,Illinois,2009-10-15,56893548656,405758892,7237.99,12,2022-10-10
377,277,Morrie,Lebreton,O'Halligan,Fieldstone,405124,80792,Indiana,2003-02-17,82598585983,170648593,9387.66,27,2022-07-28
378,278,Valene,Baldick,Slaten,Merrick,270940,32772,California,2020-08-28,18353912988,349031475,6860.22,26,2022-09-14
379,279,Yolanthe,Bolletti,Tankin,Anderson,262134,76816,Alabama,2021-12-22,12883763136,313014708,3748.5,19,2023-01-04
380,280,Shirl,Tomovic,Boteman,Donald,354289,89991,Illinois,2022-05-24,10194683997,230991109,7390.72,8,2023-04-20
381,281,Lukas,Joron,Learoyd,Ramsey,243271,14557,Pennsylvania,2016-05-29,43300459370,120162722,7569.34,8,2022-07-02
382,282,Rozamond,Favelle,Ainsworth,Lunder,21616,59533,California,2015-08-29,23705620794,470538201,8327.84,23,2022-07-11
383,283,Krissie,Fudge,Lyons,Grover,512426,20059,Missouri,2015-06-30,80015228156,154197215,7135.86,12,2022-12-09
384,284,Caz,Arnatt,Clackers,Sage,409390,89459,Texas,2002-11-18,24300590118,104746196,1584.14,27,2022-12-05
385,285,Josefina,Hallitt,Braams,Goodland,90641,99947,Arizona,2015-08-23,30772044740,475742950,5852.16,24,2023-03-30
386,286,Richie,Crippen,Abad,Hauk,246946,35632,Georgia,2012-08-06,99251851104,12722063,2780.92,26,2023-02-19
387,287,Philomena,Mandifield,Perris,Mifflin,325679,98486,Utah,2015-12-11,26083940702,114538004,8928.46,4,2023-02-11
388,288,Ferdinanda,Nibley,Pocknell,Karstens,124828,45164,Missouri,2022-04-04,47999134402,566828374,5120.69,14,2022-05-23
389,289,Hermione,Dovidian,Rudsdale,Knutson,63426,45974,Kentucky,2008-07-05,64639989063,482364446,2764.68,20,2022-12-16
390,290,Rae,Bason,Liversley,Roxbury,19864,16631,Xochimilco,2008-10-28,59260731757,220317779,2864.25,24,2023-01-09
391,291,Emyle,Linsay,Betonia,Forster,101804,86971,Texas,2013-09-05,12479085481,207501775,5629.99,19,2022-07-11
392,292,Dimitri,Gerred,Yukhnevich,Atwood,295763,41590,Georgia,2001-07-30,14001246836,503168826,8225.24,24,2023-03-12
393,293,Francesca,Sloley,McCarly,Clarendon,6338,91442,Nevada,2016-05-06,26053904760,302845635,3570.8,7,2022-06-15
394,294,Bary,Lavigne,Robbie,Hovde,497825,20682,Illinois,2016-12-08,43505124408,276795331,4096.43,5,2022-09-02
395,295,Gustave,Douty,Boteman,Birchwood,106515,65942,Virginia,2012-12-31,15332102520,312669035,5397.77,14,2023-01-19
396,296,Ninon,Grimstead,Cadman,Pleasure,467445,32689,California,2020-09-30,47967679532,417428193,3898.47,18,2022-06-29
397,297,Adan,Arran,Philipeaux,Dixon,141555,23290,New York,2007-03-15,24519093255,503864815,8928.76,13,2023-02-10
398,298,Opalina,Ghidotti,Labbett,Hoard,141621,91370,Texas,2010-07-13,31814107687,323999810,6824.71,14,2023-02-16
399,299,Whittaker,Dumke,Labrone,Marcy,336045,26815,California,2020-03-01,71560405964,72232064,9716.07,28,2022-11-19
400,300,Arman,Farragher,Elecum,Morning,425449,56310,Pennsylvania,2022-10-10,39405772112,135049696,7155.25,18,2023-01-11
